CustomerID,recency,frequency,monetary,avg_basket,product_diversity,return_rate,weekend_ratio,repeat_category_rate,true_segment,segment_name
C00000,21.054156752678885,3.6917525967077185,8.547517982381867,4.8883777420899,5.768134571502234,0.0611842842085787,0.0884908956444066,0.6373696569927303,0,high_value
C00001,150.79750747723057,2.469460231192867,7.563128792188097,5.187180089666765,4.691556069844953,0.1746423973056162,0.4943305635545728,0.5663810437771657,2,loyal_mid
C00002,105.1530046926889,2.849999018768615,7.562673686123858,4.780169867512425,4.663205521063321,0.1485044653745874,0.2316256068454963,0.4246639184443637,2,loyal_mid
C00003,30.12432664798338,3.717978186483478,9.530741351617745,5.840185824131762,5.395368390322332,0.0255305990879732,0.1724560640231157,0.5361492176874674,0,high_value
C00004,40.31165214670598,4.068096398061429,9.43377001484816,5.3874358080995375,5.719520434662677,0.065464629496309,0.0797275870084901,0.5125646101025756,0,high_value
C00005,305.2054817377932,0.951356480693888,5.707649803088054,5.2463613576075065,3.3434869570391883,0.2113078635634916,0.7262922542204228,0.1213279983998034,1,at_risk
C00006,17.315113066233575,3.88712556908999,9.59232910571947,5.729107880783668,5.4451013810694455,0.0003206083786671,0.2149878252823197,0.7652686115565012,0,high_value
C00007,44.34667972543643,2.665942599100063,7.197103862655129,4.6124587233321455,4.77357127688088,0.1163732407605525,0.3634648225466321,0.4043029552010517,2,loyal_mid
C00008,25.509414703016247,4.025355220896496,9.557827851628579,5.554298716367733,4.996356385045923,0.0486992903118597,0.2080506250287155,0.8031506122158569,0,high_value
C00009,245.0127144740629,1.4463685269026334,6.613010799043356,5.438089267135221,1.7294522892670205,0.1571269519371559,0.5175841883698284,0.0582340036745901,1,at_risk
C00010,35.35207736496659,3.928694681697512,8.844701321948435,4.942887371414718,5.250209963823944,0.0375840710539862,0.2186841368373194,0.7983338112755931,0,high_value
C00011,20.01209375010456,3.492714284651495,8.351357118502682,4.8967956871273435,5.527778620337904,0.0243573221180826,0.1176580380677151,0.7602109864278348,0,high_value
C00012,40.71450544792904,3.280562900928499,8.675001332746124,5.436962273310768,5.376441905175711,0.0235819159659634,0.0981477058077274,0.8309319618576673,0,high_value
C00013,59.240574993144165,2.3720725421201014,7.724333246191481,5.454036354165565,4.63810777450156,0.0823506338333175,0.5466547626238628,0.3708833005395816,2,loyal_mid
C00014,281.56189803321195,1.814217551007874,6.071598268815278,4.444769670742893,3.0725993252765256,0.3064329630473983,0.7982221198343106,0.2977500620191221,1,at_risk
C00015,233.96026584714625,1.9336836892500617,5.364512758555773,3.609772199383001,1.7768503014287924,0.3745543400679286,0.6789094647319717,0.1802439081889433,1,at_risk
C00016,33.76953485994395,3.281421757715502,9.844041476608018,6.602223849778345,5.723390094194433,0.0488616106588334,0.1904547325157498,0.5753123961200515,0,high_value
C00017,338.9555181602839,1.7680210485932792,6.410470450770815,4.835912542618497,2.0084443452398917,0.4117595247445494,0.5667650146874978,0.1732094500171955,1,at_risk
C00018,34.96854701288348,3.5850283248489334,9.83512320281799,6.280044198515939,5.761830939375915,0.0122301697701068,0.0938366278634804,0.8355476340901768,0,high_value
C00019,32.783811426243815,3.134196191124716,9.357649657149473,6.269772415965183,5.323382369797548,0.0315285586074494,0.2411668071404999,0.6370221928357321,0,high_value
C00020,38.778308476100825,3.7142949138774197,9.71121896163797,6.023960992045896,5.709319034227948,0.0712015565694156,0.0822575142955104,0.789991423693575,0,high_value
C00021,105.86651068078804,2.9636683590559207,8.25036991097408,5.34423707630012,4.378734736598079,0.0491823576528474,0.363363524071629,0.3901746930960675,2,loyal_mid
C00022,96.61498088726164,2.897692610264239,7.595982384898954,4.763092451337515,4.650390911113529,0.1762444053635656,0.2922423819369467,0.3561105421053133,2,loyal_mid
C00023,118.61366697097178,2.7511175418267824,7.032467811107022,4.359323085682887,4.705527334382273,0.1273367746643755,0.2333317636009314,0.3852439057731633,2,loyal_mid
C00024,278.7381044916826,0.9793445531740826,6.004754612096256,5.497939135324592,2.6935794095538923,0.2599743190497151,0.6619983696805857,0.2602800161260803,1,at_risk
C00025,41.34241037042523,2.6040565133951765,7.830182696693147,5.307546704645922,4.178786994245107,0.0961823256917071,0.2326263744336111,0.5887125866375015,2,loyal_mid
C00026,38.54973522379931,3.141358608675154,8.684143957062226,5.590542089218898,5.769932220363373,0.0783379706965823,0.1609857215989941,0.6391337585942475,0,high_value
C00027,2.00337032530669,3.819363481207235,8.901900681488168,5.110637627359029,5.563132260852362,0.0165450822011225,0.129581596907255,0.7994747425958413,0,high_value
C00028,58.84305968010314,2.2867402692159717,7.878101668032434,5.701465683664527,4.392748112384521,0.0692482373449416,0.5461772772647903,0.6223087710615267,2,loyal_mid
C00029,72.45640952589747,2.2038492063393567,7.486658458071613,5.403716596502277,4.201509975441578,0.0624968303346503,0.2139796737802642,0.6040501325033396,2,loyal_mid
C00030,96.7464618585,2.6142260382535483,8.236018996433588,5.700920330361622,4.794252469062284,0.1279635099456274,0.2049443012184491,0.5057422352483423,2,loyal_mid
C00031,2.6461524717519103,3.19901430327616,9.56116759581488,6.405395044275073,5.001534502755408,0.0100531082294828,0.0920002121444677,0.5140332534554716,0,high_value
C00032,36.81689692530553,3.416735859931821,9.504046759836303,6.122801085450179,4.82457681329095,0.0748305095653195,0.2809686248746266,0.651031651290574,0,high_value
C00033,272.24385833651314,1.8299147516367114,5.584132610706922,3.944859589400638,3.0214096022523953,0.3881017872769281,0.440477346701333,0.1913664790690594,1,at_risk
C00034,6.401349026105385,3.796170305446772,9.09622622805536,5.327524333231811,5.217796481793252,0.0634908307089902,0.2687710497635205,0.5411265337884106,0,high_value
C00035,78.50042751277806,2.912027670102905,7.790209600879776,4.940841358327398,3.7797995861494114,0.0604724362751095,0.3368362148749071,0.4845793424051404,2,loyal_mid
C00036,26.56669014681738,3.8875648309861726,9.230776829988482,5.368494194541249,4.9650804063205545,0.0323883971541227,0.073799771740216,0.6877707733132877,0,high_value
C00037,58.598221372726805,2.808761213529872,7.002442429712919,4.269038155197193,4.619366177374961,0.1548549537697501,0.3067189708497206,0.4303626806231782,2,loyal_mid
C00038,91.95978582037766,3.0002901010670504,7.880877783073532,4.938455148952882,4.025863771303342,0.0345314922363105,0.424953860138021,0.576050169033683,2,loyal_mid
C00039,283.8518309384104,1.9009960574224682,6.476720421341296,4.744756027885402,3.1222859941190952,0.1609290587048649,0.4201518953154217,0.1752458027579442,1,at_risk
C00040,330.5894954882577,0.9557241725942929,6.40659532497074,5.937236839340047,3.591736680300046,0.3495641896812363,0.6415778659914507,0.0681137433989679,1,at_risk
C00041,31.054153942668,3.2282674313483337,9.730111167627935,6.543657106214354,5.639819636304674,0.0202931605249462,0.1507850510297704,0.520820342264169,0,high_value
C00042,156.14880777800323,2.563231874501633,6.996539647174567,4.523488679525493,4.391044666758326,0.079691519012935,0.4845168716935163,0.5636003080496155,2,loyal_mid
C00043,96.29601243665402,3.0368306895553845,8.207507837573097,5.224975837547054,4.624539918472694,0.1709808133841385,0.533847461482551,0.638604309145658,2,loyal_mid
C00044,35.24887387124552,3.4799422960363766,9.524844703006565,6.078417590667012,5.757586700761337,0.0668996141474081,0.2149989297002878,0.560186123177958,0,high_value
C00045,23.82976785700376,3.9553134980209412,8.64482542266211,4.717650640309788,5.356074285419067,0.0593291706185212,0.0714955875277362,0.6871102629512463,0,high_value
C00046,69.94578111264644,2.872587453198349,8.039728766639687,5.230399088870685,4.3008191138052005,0.0818775791641185,0.2419576968848356,0.4024456824874145,2,loyal_mid
C00047,35.265039774494966,4.012825090980546,9.419417601693743,5.429155543708342,5.179811869885916,0.0767465878108486,0.0845822675290123,0.7893764586733105,0,high_value
C00048,34.65994972630513,3.2867167863984554,9.085058528937623,5.839236465975625,4.9269805916905245,0.0455947054913221,0.206369539228484,0.8320259245494244,0,high_value
C00049,57.585619181216856,2.9703056315084457,7.598153235266212,4.689231985939331,4.478035256515396,0.0358366231161322,0.2498603252994944,0.380285359789434,2,loyal_mid
C00050,293.8140029261164,1.4630564362400709,6.255710527101486,5.060446270176408,1.2951376164855741,0.2090878627860078,0.6286279138026876,0.2704043053107158,1,at_risk
C00051,303.2882768553484,1.8776350490341494,5.886642629013934,4.1875249190671315,2.044201089132113,0.2664461503734195,0.6331913048262243,0.2161449273818285,1,at_risk
C00052,31.78711388767298,3.272685307784623,9.80826690904017,6.575563163973707,5.2230466309823615,0.0207551871883627,0.1340324921323434,0.6969353437012,0,high_value
C00053,80.36573056680481,2.563486114328703,7.6036906685404695,5.125829569594605,4.653280079542071,0.0815723953386556,0.4076690438939891,0.3518973941719205,2,loyal_mid
C00054,138.6256864926235,2.2324060886635597,8.02837823351536,5.911828035541913,4.208352948100494,0.0787155942951721,0.3480802352051146,0.5671035009724082,2,loyal_mid
C00055,353.4505523135284,0.9951523730400946,6.1393297200448895,5.607203933307444,1.7608616652955533,0.2966694904412011,0.4100160812020734,0.2674210739267413,1,at_risk
C00056,316.7942425762389,1.426134585752607,4.753879914067092,3.6209583697631915,3.3608552535599876,0.1812454481408614,0.7727777476919986,0.1378057318653245,1,at_risk
C00057,17.320580489947304,3.63083531956429,9.597251215081888,5.995691872116148,4.810980023661103,0.038562460766908,0.265200243405134,0.6827878128938303,0,high_value
C00058,22.22135122548761,3.912595344228185,8.798004846729686,4.9128283101125865,5.200783441716474,0.0096524269954949,0.156194231203864,0.707995443005553,0,high_value
C00059,8.88780555894052,3.667980547201369,9.04184523288329,5.404113973872683,5.2485793414779005,0.0350391682336298,0.0980751697587832,0.5545151848411027,0,high_value
C00060,13.91812534173408,3.518080571929664,9.291685439109962,5.806629700671032,5.717224234911691,0.0315703910520065,0.1861371005103348,0.5676229128557957,0,high_value
C00061,20.14427064013367,4.068087827002872,9.828431833824725,5.7806397653595685,5.500538838738025,0.0372011305591418,0.1661699094643324,0.7280843137772479,0,high_value
C00062,245.11590085090097,1.3818297035582545,5.941180966220907,4.853723466599964,1.0929271380877457,0.299399487237947,0.652514366922434,0.2732262488406707,1,at_risk
C00063,78.59009234433414,2.950562240603618,7.834973796231272,4.944889131624015,4.081997595786394,0.068252619405514,0.319940863132241,0.5009137414483034,2,loyal_mid
C00064,154.92320896185078,2.960167986206685,8.10165782607096,5.199919639793991,3.915130681949242,0.0764357679044962,0.5065111057258764,0.480526325254653,2,loyal_mid
C00065,10.441725604059284,3.144833786331535,9.255844213703472,6.157064882598788,4.999670436531418,0.0594880292086121,0.2687769033306279,0.8398096549910082,0,high_value
C00066,156.37524493008635,3.023950570922389,7.58795136075268,4.623194018809228,4.398326039148464,0.0790379182788337,0.2454048374167169,0.4340690326391413,2,loyal_mid
C00067,113.2488783320168,2.522509292850943,7.457835638986145,5.025004563428716,4.165231129125547,0.1347216961726284,0.5486927720286967,0.4979734624233852,2,loyal_mid
C00068,18.881021903363106,3.341445126151971,8.920396600764395,5.618481617874743,5.083859779895976,0.0481419804694166,0.278167958813884,0.6430342820783495,0,high_value
C00069,218.26950266909148,1.3040758578932283,6.302600080287697,5.3182666085787975,2.5110938226112673,0.2023611394880365,0.458332920294272,0.1757946316812219,1,at_risk
C00070,334.0002885958648,1.4746860469218188,6.226387945573647,5.016247893358369,3.244728814337812,0.2808409267947316,0.5108792560842159,0.2273896009870552,1,at_risk
C00071,34.490146887575534,3.268537560022066,9.052930136243383,5.826034961868169,5.684804485270807,0.0554476341543761,0.2804631125387488,0.7105454583596055,0,high_value
C00072,154.70326410267103,2.763091722752507,8.025258437683242,5.331861227988994,4.293318945254165,0.1553269556146491,0.2108794630028106,0.6207109760789427,2,loyal_mid
C00073,217.9284220382733,1.6471840078774735,5.204586407329357,3.7887061904335666,2.7552688312425127,0.2595141740654275,0.6180819604890561,0.2385226400463933,1,at_risk
C00074,128.3624916576427,2.605342761321637,7.783176551506021,5.259378211240481,4.670293388924494,0.0584652205816152,0.4185267857910295,0.6215558970100927,2,loyal_mid
C00075,50.30634513250874,2.2702490883959623,8.199379922093879,6.040258563690496,4.481579569325742,0.1387104327676938,0.427185559715499,0.6067912400522375,2,loyal_mid
C00076,303.4261221593944,1.9315058606780655,6.591575155952131,4.823340551252611,2.1903775278744404,0.2654050417984024,0.4477793743714802,0.1124175947334566,1,at_risk
C00077,354.46919372063235,1.172289528911322,6.442431778386885,5.6426650910701115,3.236854741180338,0.2605032492619032,0.5748512168799204,0.2557339692982743,1,at_risk
C00078,149.68240759375743,2.545157318731547,7.995839914884524,5.5360055751054835,4.408492633022075,0.0547617903131718,0.3385885560816291,0.4122118625718144,2,loyal_mid
C00079,95.5358725380142,2.4887901870084015,7.827138526145786,5.429005678880696,4.785561465395386,0.1198287555150529,0.34480981374498,0.5421125029752996,2,loyal_mid
C00080,361.92887170674527,1.5072666800241106,4.986475594178317,3.7466406110693216,2.7633900142245134,0.4164086274682653,0.7090023224089654,0.1096963323396708,1,at_risk
C00081,95.82549658762878,2.5016985227769384,8.006449391354698,5.593644621570042,3.8692986600881007,0.1627744314950761,0.2947593677323604,0.5455887038099256,2,loyal_mid
C00082,157.50918875041532,2.38431664681044,8.021606530978787,5.73686983449556,4.763048729903597,0.0922922120608187,0.3188818623315039,0.4025014886869514,2,loyal_mid
C00083,301.2302199804223,1.0457997836411839,5.896989588742644,5.286466282330504,2.5131154139852363,0.1655249236811654,0.6713242433606833,0.2797774161416513,1,at_risk
C00084,11.293337378074993,3.798759177253304,8.7236403314461,4.954448601924153,5.565195283083543,0.0301715744284544,0.2839843748589314,0.7046634459817278,0,high_value
C00085,30.471815766030456,3.2334002280163956,9.55259510861677,6.361074230420902,5.683890296028271,0.0411666441508424,0.0814517545780713,0.5471422087231715,0,high_value
C00086,30.57856409375172,3.735411619028462,8.952428931639004,5.246321346828936,5.115899255648989,0.0710391062884464,0.0668796200468537,0.5083896244347844,0,high_value
C00087,348.3220600928847,1.9416710140715454,6.053019721864917,4.277824082708019,3.2565976519786903,0.4342479135134355,0.4269497220532025,0.2557669041421037,1,at_risk
C00088,267.2147939973904,1.5894802942052486,5.653052897460986,4.301890931740184,2.906463158963692,0.2886683790431005,0.4063212956653185,0.0904456144480664,1,at_risk
C00089,336.95316456123965,1.183312977131294,5.383466763273105,4.5716080065976925,1.3474308024163915,0.4499296010743032,0.6727583620268294,0.2716613895319553,1,at_risk
C00090,360.996444024294,1.4009901475127673,4.807218008933463,3.7057439251484716,3.4821628038205534,0.4128801699077398,0.7827886338523118,0.1571482295627291,1,at_risk
C00091,78.92867969699262,2.880375591795568,8.121815471119412,5.303877074752264,4.374579045295379,0.0675256579207544,0.2734162312146946,0.3593722936971949,2,loyal_mid
C00092,30.409730318780756,3.2901514668452925,9.484907599527563,6.234602116912843,5.170285169313476,0.0593373128415787,0.2882306171213914,0.5154612860304565,0,high_value
C00093,310.8559411213211,1.8854471187642952,6.188870660803724,4.477390436068881,3.4384072293417898,0.4346621271447376,0.4135511180570226,0.2221880531899799,1,at_risk
C00094,262.4211206916135,0.7772971597791645,5.514047502759491,5.352989722184754,1.3905697523432556,0.278729661440777,0.6109599122632525,0.1064437985165665,1,at_risk
C00095,269.5914003479026,1.7446424663828872,6.064080780159731,4.520075958955162,2.8496464419484537,0.2760667437097314,0.6020613579434995,0.2501442793788301,1,at_risk
C00096,328.67852423893146,1.0910770153320684,6.6097046223013844,5.92919777480682,3.1218011534626537,0.1616253994585288,0.6526514168685271,0.122138251740238,1,at_risk
C00097,41.77765950933848,3.789734784948336,9.575191814483002,5.811246709068321,5.528716460226204,0.0013263841518045,0.1999238391789976,0.7893140196302755,0,high_value
C00098,123.22065092272727,2.8983882207113347,8.117315832855699,5.28042137686657,4.405423737723034,0.1222536572855059,0.3974251366238049,0.628930475040522,2,loyal_mid
C00099,8.346808475938971,3.433196667360368,9.113130392613277,5.71593818844456,5.354962236352526,0.0374112205301277,0.2608307214404947,0.7216022137506483,0,high_value
C00100,7.70173251937941,3.9952300947279107,9.631221697065998,5.657996215235192,5.1812675465241655,0.0271582203367122,0.1100565690372507,0.6616362690074119,0,high_value
C00101,343.10500168269493,1.423056585795303,5.879908067811862,4.738564552100622,2.0737900042616086,0.1968873965882925,0.531914151820601,0.2165130748172871,1,at_risk
C00102,69.35525593108345,2.908150806429236,7.499560804125225,4.656523718710898,3.9769784048879524,0.1493692507207968,0.3741939953159371,0.5627822033426745,2,loyal_mid
C00103,279.38531179091973,1.745774847431047,4.852797720197837,3.327505625741551,3.12417519576503,0.3569285545332261,0.634241504586232,0.1650093712258031,1,at_risk
C00104,35.49152120068219,4.008155848077821,9.267663016058913,5.282837583080378,5.26824825121402,0.046479149899844,0.1335278167396889,0.7062659081446165,0,high_value
C00105,122.0613621200892,3.0361241634013867,7.2514765353488215,4.277824860135588,3.8517605400639985,0.1183531231365326,0.3016082398476846,0.3872059445929686,2,loyal_mid
C00106,22.412966556879056,3.277005749806615,9.894806382126369,6.657507096248157,4.798531756406325,0.0211631848921048,0.1383344237671169,0.5353871580774547,0,high_value
C00107,211.02624952574135,1.8087033932924592,6.270047932898337,4.648044071072378,2.2831120982296644,0.2064312684364053,0.4939360653036924,0.263412667251125,1,at_risk
C00108,319.1146186195916,0.8121205933253045,6.103467122955292,5.8787465187873345,2.4927582329668496,0.3670294105131859,0.6365450439006839,0.1937051828100288,1,at_risk
C00109,43.39507667657375,2.5131111884706563,7.211521412488285,4.790501256022299,4.173787077846752,0.1203835148288553,0.3508097140937984,0.5195444338087661,2,loyal_mid
C00110,14.65424160760417,3.655647464853262,9.541564816888593,5.914733177420796,5.570701445885386,0.0224717108771324,0.233681282695145,0.6390316555154885,0,high_value
C00111,89.78224066313982,2.60173086173601,7.576075025460919,5.057252597550067,4.616168502792342,0.0660710331142857,0.5322384849370401,0.3856331369286735,2,loyal_mid
C00112,138.34335662612108,2.2494141286282625,7.703658905900245,5.56906162138411,4.276129436832581,0.1036955299049849,0.2708080165947343,0.5166675402639842,2,loyal_mid
C00113,47.96233645246973,2.27133300012448,7.332566140355645,5.175144521148015,4.738048247860117,0.1087216781413805,0.3302274440306089,0.6256393978947028,2,loyal_mid
C00114,293.74761296307514,1.7702099408722562,6.656847259555637,5.078289104967685,2.488028455972321,0.2480695055630968,0.6230333987305532,0.2498781514295571,1,at_risk
C00115,243.67743225222367,1.6310643957426343,6.089167167733275,4.682936993811539,3.326978507305572,0.3165766859700168,0.7802659365877943,0.2425988457953317,1,at_risk
C00116,335.391918635577,1.1720172350588773,5.387667733976971,4.591941342627541,3.6088801218305497,0.2010957264335486,0.6028760477263716,0.0732773327146327,1,at_risk
C00117,20.312104253422053,3.797801924295453,9.685722185620838,5.913240315810722,5.624437012064453,0.0699660111884457,0.1728143615978415,0.646166752428916,0,high_value
C00118,158.40378418222355,2.680062162233006,7.787649399511407,5.183816979503202,3.938293037352481,0.1427925762407614,0.5236167124691262,0.4157815252769273,2,loyal_mid
C00119,45.479474252404735,2.8109975383263266,7.549319586134633,4.808022570532417,4.4852503375656845,0.1101567664895415,0.2990428393014595,0.5964665697916678,2,loyal_mid
C00120,12.746929176043317,3.966598186157613,9.321249150604185,5.378307134340657,5.388616837790917,0.0196207178418567,0.1303864205602248,0.7125240006729252,0,high_value
C00121,20.816981267404955,3.7197286192272987,9.902821114895278,6.209593721259851,5.342419128293209,0.0793419580742968,0.1652748575387269,0.6465296305601805,0,high_value
C00122,237.154314907415,1.528363523405402,5.373817591913883,4.101967806974018,3.180792516537268,0.1949824433802182,0.647966392073642,0.1386813302991376,1,at_risk
C00123,120.89731610717614,2.6707046664385707,8.127162858177163,5.531843828820537,4.269350925945733,0.0947039404307261,0.5230301969440612,0.4655741182671339,2,loyal_mid
C00124,33.858742899357146,3.2480129105758127,8.86314155235694,5.658108514252485,5.63779474195704,0.0273922941448502,0.0843028144476531,0.8160462036921479,0,high_value
C00125,41.70528520857908,3.370607022107587,9.634790900861763,6.300928015582091,4.876662634718181,0.0297002109670621,0.1791148506589102,0.6738066675961986,0,high_value
C00126,55.38184878193648,2.863864548852688,8.175268422268458,5.374506036837117,4.1830291026469775,0.1321025663498107,0.3826605038477216,0.6487009401876186,2,loyal_mid
C00127,257.36614974792406,1.9173830103214184,4.602266819369856,2.8909158574726668,1.921849297758043,0.1514572013331837,0.727780302217855,0.1483254709248269,1,at_risk
C00128,47.28486215222941,2.874927037170074,7.86435536439528,5.053525713306137,4.279934671913445,0.1740339006784451,0.2770458780815832,0.3812404062821675,2,loyal_mid
C00129,67.90636182444109,2.6763372799656073,7.586887038039737,4.988181010343691,4.557301933228173,0.0825064833559468,0.456311690430373,0.422446881909442,2,loyal_mid
C00130,1.999331217889861,3.7807588936008623,8.42900818383255,4.680418683019523,5.513057923347568,0.0157393744600505,0.2945511076911403,0.8243692870211476,0,high_value
C00131,77.14522097651529,2.749906952150429,8.274035644273244,5.5936709779158225,4.658514218786492,0.0334936590007039,0.2282381324451327,0.5157075744351298,2,loyal_mid
C00132,44.66452481845683,3.6510779321190174,9.502635516475236,5.8805861015689045,5.0340177624548215,0.0320360996196222,0.1419760850554544,0.8049931803594248,0,high_value
C00133,25.377590315718173,3.781851005123564,9.826318019209983,6.069771349266047,5.37977144750501,0.0129003250281539,0.0883813805136534,0.6063288164434805,0,high_value
C00134,137.80537880897126,2.8202698220443776,7.462130628056428,4.711755024267812,3.7155067092966396,0.0763874589504234,0.3283600846254859,0.5141498812832302,2,loyal_mid
C00135,27.372842826917115,3.9892799370038774,9.63230431935402,5.665116117011201,4.826767178504505,0.0511210919411331,0.1051994803022335,0.6872143535415547,0,high_value
C00136,13.380891248967847,3.6040081021803947,9.091137115052339,5.518627360565271,5.295682992551709,0.0710056870790434,0.1305539184557345,0.6123799692441492,0,high_value
C00137,20.630876125257352,4.060333948749785,9.577752488912294,5.538682394855665,5.12407958805444,0.0194877396286885,0.1223300340255836,0.6940396581829172,0,high_value
C00138,341.2777856264403,1.079310933300234,6.296933698136038,5.634614880933554,1.2585165914606418,0.3685445600705794,0.620901248137604,0.2549145548837908,1,at_risk
C00139,2.355984720989334,3.2433577829452176,8.760299959283785,5.560454578384718,5.194469103538631,0.0079889981728583,0.0558068955866896,0.6745238414067103,0,high_value
C00140,10.998503758530184,3.9231480946284156,8.968809929142742,5.07180230868623,5.590056321789742,0.0717841759803274,0.0943088753123181,0.6826714647692387,0,high_value
C00141,231.24497612602087,1.155711312139482,6.322677921702633,5.5471693847055965,1.8748829261245128,0.2469797653095314,0.7223090793369206,0.0578953326732496,1,at_risk
C00142,32.98776302862284,3.7058872142829,9.501824415385853,5.823708973719316,4.873010643849544,0.0392486332409497,0.1590791649235657,0.7415443693524609,0,high_value
C00143,8.095958277478479,3.736481244558976,9.484962047272393,5.7756384062264745,5.603566570594427,0.0130297200443643,0.1701519077355766,0.6578662750648392,0,high_value
C00144,64.48157758648492,2.6161771124864077,7.800423846476572,5.264910220561373,4.6216728988358895,0.0371076350726397,0.3400232947462566,0.5365388581400059,2,loyal_mid
C00145,32.656370061841216,3.8801139601835932,9.673072695965224,5.8167421399880395,4.9514430354866175,0.0110234828742244,0.2476844934739984,0.509286353022126,0,high_value
C00146,266.2741696115471,1.1949882356982227,6.536389576718591,5.703839608749475,3.546374364852776,0.1951801783011791,0.4306961706238789,0.2094475100336444,1,at_risk
C00147,69.37180522673322,2.906519239060658,7.692926664419233,4.850026881235243,4.663444957528965,0.0306004743664168,0.2551066630328171,0.4052417651447547,2,loyal_mid
C00148,17.30022706553423,3.803138557549839,9.7647244123549,5.986596860027973,5.275767356783397,0.0542096610879835,0.2767715817273771,0.7378344532231352,0,high_value
C00149,35.05406613646239,3.953091885238944,9.086118455745018,5.158064652652858,5.377595973411872,0.0590864309165906,0.0655157766350388,0.6982472277833756,0,high_value
C00150,105.87454392333952,2.856416529012748,6.896558517315771,4.114786580973128,3.8700344029365605,0.0530282521396798,0.3132507030372667,0.6007655052659427,2,loyal_mid
C00151,64.91646065127037,2.9863516001844945,7.469317576321236,4.5448633918702,3.7452432637417874,0.1660353627083296,0.4051382843700283,0.5380448708390908,2,loyal_mid
C00152,260.9300188212598,1.8015054650307147,6.657563165648199,5.0416404211132235,3.5016366260458223,0.3144819953574566,0.7800007082296831,0.0701963409844526,1,at_risk
C00153,290.7895491648625,1.7489439534124518,6.451238416128959,4.899303443519128,3.7047917015415766,0.3980287079684841,0.6761982204871253,0.1887605712631369,1,at_risk
C00154,120.019994282854,2.8710998264654313,7.619592428798147,4.814450206088267,4.578929651704211,0.0550936842606344,0.3739817316323093,0.5027900939674466,2,loyal_mid
C00155,232.1954997802355,1.0739357669858585,5.173455426715578,4.522792179841629,3.695338242233534,0.2657763874389645,0.5925501589046633,0.1227625881126625,1,at_risk
C00156,43.71071307337574,3.861036369501205,8.315781128023255,4.4870880708776495,5.762391054327357,0.023580415456221,0.297951929124407,0.8130790242015733,0,high_value
C00157,134.43293629745486,2.6068758680153796,8.212182204889496,5.685063970975685,4.129111400140433,0.0714858020485354,0.438895927701375,0.4827168781702836,2,loyal_mid
C00158,34.374859312749244,3.588466766328301,9.107564725644604,5.550908487623198,5.452900010554681,0.0057457712402307,0.0844993793369763,0.6969338048411766,0,high_value
C00159,23.045970104548,3.221547297950195,9.476800115961494,6.297729219386204,5.43446987836322,0.0547649658714941,0.1641130486285679,0.6987769806499724,0,high_value
C00160,276.0536795270632,0.8571870879270225,4.6752835809149005,4.37367732187969,2.529186487119357,0.3555643858098399,0.558426100511395,0.2862012929860096,1,at_risk
C00161,361.0230941607029,1.7713790985418256,5.944692526468639,4.369871826522594,2.578484787415238,0.2866056364330461,0.7898361653004424,0.2548148463899966,1,at_risk
C00162,37.41577156767361,4.062208727306875,8.877977150733509,4.840920924963786,4.98205716831452,0.0497433623888605,0.0600634349849809,0.7368283338783732,0,high_value
C00163,127.72358477780928,2.33495584293021,6.998482663916912,4.772932243457903,4.113114815953613,0.066971377962514,0.4203548957654086,0.3957399526935158,2,loyal_mid
C00164,248.0693598371469,0.7524788277436841,6.043932944813646,5.9288835704241265,2.5402105199587073,0.1597777329741043,0.4652826738871148,0.1780722606762364,1,at_risk
C00165,21.83353364650597,3.9570912840651937,8.742978724357485,4.813186717253623,5.405526792149566,0.0359887439955301,0.15416649950997,0.8437505037112455,0,high_value
C00166,278.4675935834342,1.3801528374470222,5.955090339044201,4.869783811838665,3.0053786603196158,0.2376934630289975,0.6434639010507135,0.1777859408574857,1,at_risk
C00167,285.72568368809954,1.7756625685787857,6.593838887154892,5.009078316880451,2.8452401015699693,0.4107161358831008,0.5472929544993484,0.1954997821891035,1,at_risk
C00168,66.69787025544879,2.4048065219211945,8.145693613313604,5.838137263459227,4.437081034138208,0.058344057632953,0.2649801934660796,0.5086919710738874,2,loyal_mid
C00169,364.8068901600536,1.2976858653740666,6.238427272390652,5.26303291409389,2.969410239209591,0.3992111816237794,0.6470677842214556,0.2131968061228287,1,at_risk
C00170,332.0962974111853,1.203018658205765,5.411687765252405,4.571673630937714,3.7017525013136248,0.3101716898167119,0.6629335847073494,0.298274715679409,1,at_risk
C00171,277.38583803709093,1.509923521830127,5.260273579658041,4.01303682613654,2.7476276089534952,0.379263104874035,0.7210819904507516,0.2178508810432579,1,at_risk
C00172,83.82216436252807,2.8487835031991313,7.8124054263971585,5.029440612461369,4.682218106946716,0.1364429264828868,0.2485979853627904,0.5895296572400404,2,loyal_mid
C00173,159.78741773414248,2.941838426682148,8.08999584509157,5.207552774319145,3.8395854913654768,0.0730253332020228,0.2054532450148837,0.5648299911976241,2,loyal_mid
C00174,36.56306477082928,3.868055580314174,8.503243486641914,4.6655640451471925,4.8462063265804485,0.0130861502168087,0.1847354415660467,0.5488682789626922,0,high_value
C00175,32.027276659558744,3.416627539444628,8.606766234952305,5.228704399735825,5.675232872015301,0.0169717926018641,0.1208801916498073,0.542689137473368,0,high_value
C00176,113.23479420446208,3.024075504921329,7.793526545368353,4.826905662721671,4.497606808873731,0.1113816106571289,0.3831087862605328,0.4059365879583733,2,loyal_mid
C00177,18.04904867732768,3.8094206003185276,9.887575451794653,6.102753513661336,4.803201241474341,0.0316005792032445,0.0994524618147992,0.713669773569626,0,high_value
C00178,17.76493394824523,3.2174558436997684,9.111671465168325,5.937628215538609,5.226115133260931,0.0079139604083857,0.1144521024255886,0.6122504413429266,0,high_value
C00179,307.7766610287651,1.8850946615932442,6.273387079641492,4.561561619321476,2.918988892607739,0.3186027524138604,0.4886951950548396,0.1729025835743636,1,at_risk
C00180,5.241202334753969,3.4550077078335164,9.384904109915098,5.964480790626964,5.340788808222915,0.0201949032439669,0.2996523787529789,0.5184015966130694,0,high_value
C00181,217.70653986736588,1.7578293686110031,6.67230610578737,5.108521763496632,2.557227898130043,0.3763710886318894,0.6893281323868626,0.1496612052133538,1,at_risk
C00182,51.76957925091189,3.0047680989802448,7.975800610469664,5.028081672146184,4.331592244390456,0.0710236074361733,0.2631238025720691,0.3807086754051215,2,loyal_mid
C00183,40.11879927116633,2.5020583830482503,7.112570724592459,4.704261688424288,4.45601679101488,0.0380001962561141,0.3465051439440868,0.485208033160216,2,loyal_mid
C00184,117.9792907075934,2.7980999774960713,8.258094860906203,5.5265838875858,4.2092025511314635,0.153319091085616,0.4399572813532687,0.4439976233283439,2,loyal_mid
C00185,244.2340422953909,1.0180013782620843,5.447920716435255,4.881564868587324,2.020494440473275,0.1525851771401256,0.4778512846419689,0.1378527128498845,1,at_risk
C00186,346.8333361669346,1.0468172984497242,6.544876631899645,5.931683024456761,3.4844398511933177,0.404299940399392,0.410406961420628,0.079236808272302,1,at_risk
C00187,78.12668017711525,2.4793671776895616,7.024212092028078,4.641164228650408,3.726590921550545,0.1635022011239882,0.4365684971354477,0.3984652179353581,2,loyal_mid
C00188,337.6299471803478,1.8793097877727005,6.0099899213496855,4.307477096970391,3.231451826225351,0.3285568056376278,0.5181563178839403,0.2616495540719542,1,at_risk
C00189,311.02081012300744,1.8333788417996493,6.545317918129785,4.89223572040554,3.6447738256855877,0.1879691376371881,0.6936066239154892,0.2514542403376556,1,at_risk
C00190,59.4243232754489,2.456458050034027,7.993412205473064,5.629850186987857,4.335614625787902,0.1406785772040611,0.4511171550897296,0.4608413138543758,2,loyal_mid
C00191,142.5271349192198,2.8379046572548603,7.103763219414234,4.338510304024829,4.0032092953961556,0.1502702724983836,0.3906975117913113,0.6095550364363627,2,loyal_mid
C00192,20.215565126223943,3.084014206329138,9.403819765867635,6.368295629101458,5.311176286254864,0.0163517893665143,0.1500153615336888,0.6727852266947261,0,high_value
C00193,301.0164664180021,1.841988611711103,6.649826153550507,4.985970591474335,3.0951341480830243,0.3466378178160004,0.687340225269262,0.1741412242867968,1,at_risk
C00194,111.50295408771822,2.8874842601911257,7.977322175732736,5.15262422515867,4.732470366205734,0.0630072480714911,0.2623723997681629,0.4222931480789352,2,loyal_mid
C00195,280.236301090646,1.853699412885563,6.134399994029294,4.460535664318676,2.6213751189836474,0.408103767234535,0.54935341730347,0.2364119978094644,1,at_risk
C00196,42.4313353844967,2.9332802855125184,7.969062733658236,5.096265558230983,4.444844379475367,0.0744382103068958,0.2390324703900093,0.4758975778428503,2,loyal_mid
C00197,221.5969045903317,1.649080855766097,6.639806017743282,5.20837618937571,3.3175605327642956,0.1668866438945973,0.6173236704943829,0.1063243346955833,1,at_risk
C00198,108.1373662425212,3.008276523942203,7.023625330666042,4.082110990777328,4.147030669840182,0.1401292602327368,0.4869597926368953,0.5055741777054061,2,loyal_mid
C00199,1.9509315147345387,3.210923000933144,9.300314927818283,6.13262849304953,5.667259356029892,0.0271457716589248,0.2732577548840758,0.5414396791125341,0,high_value
C00200,2.831023649923269,4.006285719576268,8.685375406150875,4.7063678093129795,4.953009972396726,0.0132249058693832,0.1558738486699134,0.615750623361137,0,high_value
C00201,137.50196082975577,2.78679998382167,7.975939694338776,5.257615580391434,4.744437925854598,0.1264094596186643,0.5274623752644095,0.4940092998278651,2,loyal_mid
C00202,54.86282573551623,2.6639158260599887,7.382775158695519,4.798732720234397,4.648628667565952,0.0929715841583678,0.3134434751104968,0.5867426119606779,2,loyal_mid
C00203,30.113095579381486,4.102069014955359,9.55352686358591,5.472274121759668,5.264280714683839,0.0736532686618854,0.2557769057017249,0.5141397300947571,0,high_value
C00204,212.7769540679723,1.0798310543810377,6.021493364856806,5.358939996904264,2.8175422575902993,0.1701467033204918,0.6767388245142612,0.1356505891625694,1,at_risk
C00205,335.66523510547813,1.8818695994119887,6.430534992218311,4.721231077545017,3.562530379426057,0.3624553460277352,0.5608552299614216,0.1453268846141086,1,at_risk
C00206,288.6411158095661,1.7884711081785651,6.276964855880713,4.678925811641673,3.1498482548742848,0.3380857021296806,0.5617105825321796,0.2496874569404402,1,at_risk
C00207,209.9545850647466,1.780775517092851,5.4022306150356,3.8235633408220053,2.7782387964200264,0.4416210531392658,0.7836384253484443,0.287161616979048,1,at_risk
C00208,233.30809651557428,1.79402407414723,6.430899892736462,4.825190171098825,2.715697379203868,0.2536150179508476,0.6340765405219851,0.2615857542474923,1,at_risk
C00209,69.44275179203521,2.665045887725536,7.51249039735978,4.926314310999628,4.25062049806421,0.056469021220396,0.412845120689531,0.6273950658975387,2,loyal_mid
C00210,133.20264116191484,2.7839206396313534,7.139587259936348,4.430639163979103,4.4456572108207935,0.1067296704956471,0.5356592344043549,0.5113491196994051,2,loyal_mid
C00211,57.753629596565375,2.5837185453533764,6.928577057169426,4.43430724503208,4.227169068030011,0.0976106381727431,0.5305292267052208,0.4814080343812194,2,loyal_mid
C00212,58.42934403373079,2.1983234624536623,6.910640889426856,4.836928568893793,4.701339661526153,0.0427287665332401,0.3488979204418075,0.4249960262085526,2,loyal_mid
C00213,8.778002449326195,3.573908965590712,9.142819343370967,5.600951384266521,5.629482571634197,0.0785893346483626,0.2952052863832585,0.5134896997632025,0,high_value
C00214,251.25794053837865,1.803748871601861,6.347661243036933,4.73095795810787,3.3098489404275138,0.2057923259627127,0.7570165979180349,0.2383651348590854,1,at_risk
C00215,22.59110775159892,4.083539898776196,9.46471207690036,5.40260091917705,4.965736069791171,0.0677182828854365,0.2468659686578755,0.7838370157839727,0,high_value
C00216,334.48706087609446,1.5382563133064544,5.460327915547468,4.1750638090596865,3.460268195512555,0.3203236797281258,0.4049588855663184,0.2266739803283065,1,at_risk
C00217,35.586829432185965,3.8734141215150752,9.763727963446264,5.913967817562348,4.968568179156914,0.0138355149153662,0.1297891236520175,0.6701672264677965,0,high_value
C00218,40.897959532812,2.5640663231194423,7.7171333618600775,5.238062819251642,4.704645590754308,0.1072409582359159,0.5033947218448566,0.5894635525915211,2,loyal_mid
C00219,28.79323356137085,3.6082963104081704,9.829367899073096,6.250421140573501,4.861279483156849,0.0218549753200701,0.1624081721056701,0.5231277238217882,0,high_value
C00220,12.26246398497452,3.5714373803170116,9.369236358212186,5.8291767126416945,5.4766270387895055,0.0095162648592169,0.1143629898309908,0.641747921523536,0,high_value
C00221,91.75819378189496,2.3194949600237167,7.869149509395676,5.656272932645579,4.451312210106408,0.0615288854626535,0.2971942756621232,0.5507112290370897,2,loyal_mid
C00222,21.19229412368696,3.9827191022927533,9.887431078155085,5.926144202671704,5.675619372158067,0.0586795923650263,0.2775817275463131,0.7639950302282623,0,high_value
C00223,358.49684881359315,1.9345496226275132,4.20905015299983,2.501134349285182,1.9599991064669955,0.3769509143181931,0.6732059825795991,0.1831851068344695,1,at_risk
C00224,329.06484721918616,1.8607452513574927,6.00946857996932,4.328616040221109,2.6580670090257597,0.4104709320848699,0.7125863357609687,0.0953807770274234,1,at_risk
C00225,85.62827006791653,2.9775018528568187,8.271858471049383,5.35111716690884,4.567991263803134,0.0745994289159798,0.3484059843549387,0.6348809128702381,2,loyal_mid
C00226,345.6662183956229,1.715524194189707,6.013530988673902,4.504965575938571,2.5568270510846647,0.2709820748791032,0.5472373083986463,0.1388203848881942,1,at_risk
C00227,221.64060291547716,1.7815347500215635,4.081976737309382,2.5491718340910894,3.1022306388899072,0.4485028251971431,0.5850400242843233,0.2929985856754425,1,at_risk
C00228,7.149109278809632,3.6385142408979085,9.536902487937853,5.927627633498629,4.843568452827115,0.0769239703632826,0.1116700943065368,0.8253833173218443,0,high_value
C00229,277.1349490057144,1.7138131348991315,6.506249806677801,4.9963940900020045,2.641192568185166,0.3671235870575513,0.6110179497988731,0.1401412776939626,1,at_risk
C00230,9.564103145486571,4.060310884102262,9.730603857112254,5.691009490915765,5.314757486352861,0.0014528435131491,0.125620070284482,0.8115923866382666,0,high_value
C00231,92.58860285050882,2.9001400386094147,8.229616629849525,5.390367414386586,3.7895062599326823,0.1523750032989908,0.4284198171994569,0.3905845785533569,2,loyal_mid
C00232,316.29832330212486,1.1118543471704478,6.6160356748237215,5.9044818837820525,3.3106183737245027,0.2565494660981615,0.4495374727773483,0.2693692453060649,1,at_risk
C00233,79.48898444815238,2.910774852608232,7.0843207846053255,4.243145022177661,4.454795792934882,0.1030568240068735,0.3622690142150041,0.4428956090081553,2,loyal_mid
C00234,158.39511010299572,2.5368704703706966,7.578365783921118,5.129340441736823,4.719423796406694,0.0616790580043586,0.2255644461666156,0.4671454969305563,2,loyal_mid
C00235,31.811664488098963,3.4113334932325072,9.664909085345833,6.288924456199373,4.873613947916644,0.0416184053636795,0.213879434585763,0.6262655402813888,0,high_value
C00236,73.90412815440533,3.0144447094632185,7.6013453361210495,4.646361582638051,4.506482064945102,0.0848254947332035,0.3497348332770296,0.4251826623209179,2,loyal_mid
C00237,289.1786542081746,1.6479375390863837,6.679777426691432,5.249592390466342,2.514996631133438,0.44601357373446,0.6716206225151973,0.1491381807072118,1,at_risk
C00238,62.05697486542007,2.2979811869748987,7.123197821236527,4.937481979673436,4.4003335399266446,0.0598435067389792,0.5274892737893149,0.3984735873114565,2,loyal_mid
C00239,364.1444573168853,1.4365391198066269,5.675511783166683,4.51798835727934,2.2270906134422686,0.2148807929392654,0.4772100758157482,0.2544588274895202,1,at_risk
C00240,61.99817942434484,2.788068936956416,7.726754994366949,5.008463644355653,4.182690039942281,0.124596978892548,0.2501697777361555,0.487864145378525,2,loyal_mid
C00241,251.8674105339343,1.7888984886923158,5.8130863816877865,4.218913913765388,3.682260799410022,0.2212607016156776,0.7344799003831102,0.0758307144271229,1,at_risk
C00242,144.7887923624657,2.97917710023612,8.031040505913424,5.109766194760677,3.945809316204715,0.0791268117469723,0.2481447216226239,0.4017101679692741,2,loyal_mid
C00243,5.777332609959516,3.679823727494086,8.458585935859977,4.812263860966325,5.551608562359487,0.0752015208646011,0.1834600033184901,0.8060169897171846,0,high_value
C00244,15.513893342642554,3.973601019546532,9.869717038537509,5.917743858973516,5.137052487464875,0.0128249619985806,0.1751915372700695,0.6305712056453185,0,high_value
C00245,322.9586340588668,1.2297155636506427,6.580346949754812,5.6984418812931965,2.1224298478675174,0.4194360241503284,0.656926964668614,0.2107009410833953,1,at_risk
C00246,125.06344941289748,2.5074857882977266,7.53144071307888,5.114430131199803,4.627226368116606,0.1012811067789438,0.3506758085383497,0.4950649947292229,2,loyal_mid
C00247,110.5386315482835,3.0303680634300294,7.872941770762656,4.899176519963639,4.218531708572655,0.1433816596238821,0.3779204569433868,0.4279394736878918,2,loyal_mid
C00248,8.242743973608798,3.3070502765408376,9.777541505164681,6.5092367867106535,4.803597008796617,0.0257226393185865,0.1760446510977034,0.8410459930880962,0,high_value
C00249,43.57042822710524,3.63137143491583,9.702272699282371,6.0999224290427385,5.654300234489615,0.0442832672071689,0.2299456337553865,0.7050199638041528,0,high_value
C00250,26.48566103344342,3.5751639213200352,9.0467364986265,5.503944407178559,5.708805816003521,0.0787654886600603,0.2832251956033133,0.5016165795951647,0,high_value
C00251,40.297329338176695,4.081342572870307,8.482089539348076,4.429560095780733,5.365951207418494,0.0530896837328281,0.1828534528993109,0.7262017671299956,0,high_value
C00252,42.18591708215439,3.513859154399379,9.698861577172968,6.217172181482854,5.6729351046226375,0.0733478726103356,0.2380822286083881,0.7831393608773621,0,high_value
C00253,41.41709058148055,2.270367477068737,7.779420274744498,5.621266252193692,4.745517820379113,0.0717220118204956,0.5314206799483931,0.3713262190835243,2,loyal_mid
C00254,25.6051150727982,3.477812785712094,9.574200573885719,6.129859086877015,5.643630128866418,0.0692458031456822,0.1499190337909092,0.5596194177804816,0,high_value
C00255,26.024612621927325,3.2272852937244068,9.335912573548642,6.151145519884609,5.197329113182235,0.0702692587048641,0.1006306019810465,0.7869331003833084,0,high_value
C00256,287.34957341433744,1.1316567422188155,5.621139484562727,4.882803781201006,1.187718408610026,0.170093403939597,0.6253264966791849,0.2518618441025387,1,at_risk
C00257,275.3066365538045,1.8000092926985467,6.103661238338027,4.493340725530458,0.9311071669722296,0.2748485040201872,0.7061284895754547,0.1070840579079814,1,at_risk
C00258,3.807959268583714,3.2561774726395574,9.706820816972064,6.491397607086647,5.248594271712792,0.04289603304891,0.2615018903269772,0.697433297966528,0,high_value
C00259,309.317383070423,1.724404837444788,4.523973600084111,3.034321157075152,2.4248196552133936,0.3688485263582938,0.5994400153568507,0.267683343329466,1,at_risk
C00260,214.9455446583475,1.3888508382421336,6.684763538914146,5.585253330825661,3.030720079402061,0.3065940342354152,0.6150030650148819,0.281737249933128,1,at_risk
C00261,283.4507819325524,1.9363133516531599,5.951985455198739,4.184179129424024,3.3912820026574724,0.2473931001331001,0.4213300339733363,0.1671013299039183,1,at_risk
C00262,151.67131250522849,3.0356748654420036,7.249110067167349,4.275955007847107,4.339361967808296,0.1526723890866252,0.2689429388616456,0.4385180270941916,2,loyal_mid
C00263,42.219778623486285,3.8390856939915103,9.84375704560824,6.028777659441153,5.101518349510199,0.0498166995990566,0.1621823768003126,0.8275559357038782,0,high_value
C00264,225.4798095236535,1.6662725551261584,6.2157476617431024,4.765456521652895,1.8280477166341405,0.2988866228487707,0.619445623728883,0.0530352252305108,1,at_risk
C00265,110.57756177368842,2.355796787399358,8.169674334767233,5.915913403874142,3.9756035088802295,0.0673381048886128,0.4900267467744484,0.4937820146888748,2,loyal_mid
C00266,231.00409054101863,1.6281776036152873,5.942423403829347,4.540851274303878,2.9694828434161034,0.3337317987759545,0.7456433415261382,0.1618189217270673,1,at_risk
C00267,14.266531922506568,4.002649471274433,9.71715288708924,5.736111765381613,5.713115330701757,0.0602803650400206,0.1964903435240136,0.6210057820169214,0,high_value
C00268,40.194869598655096,3.7639804936050036,9.391166756265253,5.65407655044412,5.146637695641914,0.0790883118815661,0.237872702642849,0.6508767251732783,0,high_value
C00269,221.0005727242915,0.8128854912973397,6.232061069163091,6.0059006499087895,3.450283618481818,0.263020583462564,0.6556850639746006,0.124689767655658,1,at_risk
C00270,224.3252823251217,0.7675420546727243,4.171743040946161,4.03048654356977,1.7046607851379616,0.3220922006387127,0.7316350333343612,0.1483642684970804,1,at_risk
C00271,232.76630448266584,1.364538359775082,5.220102451213436,4.160899571383193,3.1266176566061095,0.1736229869648751,0.5679061468395035,0.1118141433266925,1,at_risk
C00272,43.92738347201726,3.4073862311629495,9.801908787532337,6.429770157183531,5.625464235875352,0.0114974929164427,0.1482318478925583,0.5173106980011055,0,high_value
C00273,36.409631729859285,4.020151732768826,9.639487836619232,5.640940140574102,5.678892134012555,0.0711725137340317,0.1316367106679449,0.5926825120625528,0,high_value
C00274,333.9780532492399,1.5626456162095175,6.529819561589979,5.2064019741318,2.4918599153601804,0.1871777678260545,0.7770018476933925,0.2198713045645259,1,at_risk
C00275,118.4686516745276,2.9654826941101797,6.8377629214881175,3.9436850297962813,4.669162116359916,0.1356687432050125,0.2191709375866526,0.5335281063345498,2,loyal_mid
C00276,151.6853417446776,2.8780474684882327,8.256031211593955,5.439961240795008,4.187060581661225,0.0869997591770837,0.4170394201315691,0.6230269022390598,2,loyal_mid
C00277,25.401730628696733,3.2673729961114932,8.746613006145848,5.521938540906556,5.6021066716806365,0.0704304240102153,0.219523515219957,0.6101623664975333,0,high_value
C00278,31.02980217489892,3.582611908792582,8.491466077084862,4.943997307181568,5.546962880393277,0.011949932509452,0.2651576003490325,0.8109279085719941,0,high_value
C00279,145.0119876473767,2.7138208608201624,8.258223390302819,5.616369786149218,3.8479529724833945,0.1742749510788551,0.428135432370151,0.6196450677010754,2,loyal_mid
C00280,152.96402815242962,2.670235495531105,7.699058690174619,5.106196789414418,4.612053287583879,0.1728428861325477,0.4972870430979537,0.5351068730481683,2,loyal_mid
C00281,31.68419327861201,3.2867550135838464,8.66049920717022,5.416116442081836,5.5802549309008045,0.0475064438422758,0.0880816775393939,0.7486864701099372,0,high_value
C00282,42.90752249051018,2.439134769003497,7.954820751176142,5.610279960491611,4.555049910054603,0.0822019522006606,0.5454122708883029,0.5117827946760747,2,loyal_mid
C00283,84.60535117954407,2.4169596619845435,7.60196859259403,5.283022910000982,3.7273024533510357,0.150681900947692,0.4782595925536542,0.4636527670919326,2,loyal_mid
C00284,346.8136119790784,1.1180425647323793,6.173539161728461,5.4535904072750565,2.851669359885885,0.2932946308718912,0.6986926859352187,0.0751305003541771,1,at_risk
C00285,139.1692659967251,2.4648091961732987,7.099027168294519,4.731106139545564,4.108118188596005,0.0923525113719643,0.3645637956210557,0.5138418480202891,2,loyal_mid
C00286,261.2005330543754,1.3244863410879053,6.533198670871439,5.520432941132682,3.5106741563838577,0.2914920571873136,0.7801985079210825,0.1469660062706551,1,at_risk
C00287,264.5986288779312,1.74665383438719,4.6528907460938065,3.1328226075967196,2.8546758958315537,0.2259922802116931,0.6902803882890143,0.155623770979538,1,at_risk
C00288,21.535724163989503,3.090786950513437,8.964164236747408,5.92246373617624,5.633847838819793,0.0476571019748581,0.2868838999164981,0.664484579100569,0,high_value
C00289,157.69089614900224,2.5470876016151514,7.19437359338491,4.736885155440994,3.97659784919049,0.130266535605866,0.4530268995421724,0.5889399944850628,2,loyal_mid
C00290,252.92112962731952,1.116672203041977,6.100498136686903,5.382743461219509,1.7115194560857148,0.1778356362380218,0.6369099801777618,0.111495254547655,1,at_risk
C00291,9.795960908904766,3.8517896787887453,8.45075608516633,4.630025579084346,5.304652812713262,0.0142753409457464,0.2169622897119966,0.5349408700118765,0,high_value
C00292,273.6020273318373,1.3987771100639006,6.042941421046009,4.932576478084251,3.2247429040594353,0.3461191417730762,0.7029397730959674,0.1103285844943822,1,at_risk
C00293,21.931016753941083,3.95872600193178,9.398767902901328,5.4634787973963705,5.574628683527185,0.078673366079435,0.1520391670577532,0.6479569119952218,0,high_value
C00294,30.01459592644368,3.969721725752038,9.379590255359231,5.43322182846157,5.727098281405637,0.0414129217030183,0.0501296860414263,0.6622865001385254,0,high_value
C00295,285.0996865875285,1.8896020214793778,5.926817342065493,4.213304283653593,1.0537836688038371,0.2460482906678608,0.6657379473737015,0.1023193368929877,1,at_risk
C00296,100.68696393449495,2.84118960482938,7.8133776095472856,5.038416961485366,4.201487150816391,0.1488637650502767,0.2267266312154132,0.586715983882144,2,loyal_mid
C00297,2.9760672532624755,3.2925475696655737,9.399113052656773,6.146493009970765,5.67563636950316,0.0486503369531673,0.2375664969870582,0.5282573480009587,0,high_value
C00298,94.74967688652184,2.6683100531276476,7.498799213621257,4.909233564078262,4.7406864134910505,0.1578268792511175,0.3385694376642458,0.5803572126901433,2,loyal_mid
C00299,282.1587557101665,1.9259597771970647,4.696993429070722,2.9719449754767933,2.546395983091846,0.3001982521983809,0.5049553890934498,0.22460713864471,1,at_risk
C00300,7.744509931477738,3.0676857717161745,8.323130488503056,5.307812868354459,4.843926848032104,0.0739026652874544,0.2682147396935447,0.7921476825144276,0,high_value
C00301,159.64828132914923,2.897571669760364,8.293841535625239,5.457031609130893,4.528179515494691,0.1326458729519642,0.3856207561637982,0.4417511721237701,2,loyal_mid
C00302,125.93571291914056,2.20302587921627,7.745551659246344,5.662632663875449,4.611375828818523,0.143703162472546,0.3727194552171259,0.5461961599253351,2,loyal_mid
C00303,57.902102066361806,2.490079758452074,8.244179089468714,5.8432824526891185,4.5806866507797,0.1437558414897814,0.3660855312157618,0.5983222009580061,2,loyal_mid
C00304,14.373804314754937,3.3011757667390076,9.854849180989849,6.592527985521688,5.770657869468036,0.0638477948654666,0.2213569301902535,0.8425219503651535,0,high_value
C00305,232.61505207201552,1.816123092004533,6.641001063177812,5.0077987125266405,2.4309527122639087,0.4257736746651678,0.4860524872313098,0.1891215226276985,1,at_risk
C00306,14.954111284199476,3.5364713065780022,9.19692419205191,5.693273928495441,4.963724617170699,0.0443533241631946,0.254799969823495,0.5659660060543055,0,high_value
C00307,202.6079166476221,0.8630116426142829,6.533401869129643,6.218918901525594,2.923853149471271,0.2755724374084363,0.4399807423098052,0.2188361176690471,1,at_risk
C00308,11.129415599374756,3.2458737834128937,9.76986553615972,6.565057084312061,4.871180135333264,0.0105403866313653,0.2557818293540466,0.7165501723593747,0,high_value
C00309,37.56895757349587,3.880405490337686,9.516105584320556,5.659973609273055,4.9172156359803285,0.0169563688864434,0.2938989114570999,0.5209385180610547,0,high_value
C00310,7.170959915938874,3.7750118387526923,8.838671643188896,5.092877991373055,5.13283269420088,0.0195837201240116,0.0740238082429703,0.5995389971006931,0,high_value
C00311,151.74919941753552,2.428780208656952,7.544564521508521,5.2129889570595855,4.461770054130328,0.0666094168189785,0.4836019694239741,0.5476276967620327,2,loyal_mid
C00312,239.7529742083615,1.7439641923522122,5.308323335900565,3.7747673158583446,1.7368312612668002,0.4087643401224976,0.7879727532199235,0.1015682258513364,1,at_risk
C00313,66.61879626096135,2.5490782697364747,7.965915584522152,5.501954034239374,4.614906118193174,0.0441833025995094,0.2137617840616446,0.626967060580885,2,loyal_mid
C00314,316.32965242649186,1.1902986622015612,6.490556277336518,5.664803624687698,3.6431632322540524,0.1915741654327388,0.4065928802384628,0.1335234649149883,1,at_risk
C00315,43.64376060329985,3.7273526477425776,9.39757706325932,5.697850805633161,5.689896080287491,0.0385193072261024,0.2597934665585811,0.59009782682088,0,high_value
C00316,232.20561242007815,1.762179947883025,4.764749401975921,3.223002236627243,1.8706100942311696,0.3276398474711001,0.7070644130794966,0.2589657428173232,1,at_risk
C00317,3.565320634318905,3.875951813618666,9.041946422117148,5.192402974517609,5.480816274625466,0.0575450026952658,0.2634960940368073,0.5448184136917255,0,high_value
C00318,46.4865173942319,2.68722900168064,8.088491748337097,5.475648771437354,4.540315084372216,0.0976372900743155,0.3884206797665547,0.4444635434832509,2,loyal_mid
C00319,125.20011294670546,2.593472484259383,8.226501395615045,5.713769173308469,4.119591027446374,0.0417388511525355,0.2487890840923461,0.6457559601326983,2,loyal_mid
C00320,28.6015889909075,4.076762857018087,9.754742432528934,5.698386345999098,5.743227155155008,0.0442318603251569,0.2712122648765901,0.7982508679742135,0,high_value
C00321,231.66699163282908,1.5777757191616641,5.579132667765725,4.24325707550244,1.5333266068281377,0.2272852268515487,0.4354937972031557,0.2066915160817901,1,at_risk
C00322,59.89035362108231,2.8909291581440875,7.087235891501776,4.266723305092142,3.893144119923621,0.0638667654869565,0.4793589019890583,0.5336670131126047,2,loyal_mid
C00323,51.22796627305608,2.3386167898886785,6.912932757157924,4.684041169307781,4.579023364757998,0.0556505224854225,0.5201097355301166,0.4322607206880199,2,loyal_mid
C00324,215.55719882552117,1.2008643862154367,5.956171851888815,5.11673797990091,2.0180872456380574,0.2827968045480775,0.518964783637432,0.1081380656107659,1,at_risk
C00325,211.5387191936821,1.8457810306298867,6.37123462342445,4.704694801838802,3.075677508752916,0.2785177937524397,0.78323703166426,0.1180112972944173,1,at_risk
C00326,249.98916375815483,1.8625741097416697,6.434970943285382,4.748236931148896,3.466900568947828,0.2204110467155687,0.6574961861697093,0.2593458695763563,1,at_risk
C00327,239.72425675035447,1.1485863632741937,5.971697462493825,5.207433122987591,2.941256060143787,0.1707414487398343,0.5747957153245807,0.2611021535413933,1,at_risk
C00328,54.28289799786023,2.3039612205085795,8.237092920106667,6.040458047620248,4.711683471266378,0.1703326285108979,0.2070505650238108,0.5115180470259875,2,loyal_mid
C00329,6.6369998377240185,3.2532115560997577,8.648872559341138,5.439254449897439,5.589054893585974,0.0405834161265634,0.2315450320959752,0.591064629370047,0,high_value
C00330,339.893083091903,1.4438469181408944,6.630586151674872,5.458897452246435,3.5302524143488303,0.3306358175500282,0.7435864998773722,0.1785120490097161,1,at_risk
C00331,6.716546234760752,3.6812318874338685,8.69947789234607,5.050023796660769,5.545416188374443,0.0606737789747803,0.1355906083250135,0.5724448058742939,0,high_value
C00332,4.640119996587297,4.067959396917589,9.763182910232217,5.7157255559141555,5.319696821634005,0.0080316516519847,0.2180661078058612,0.6310623777571283,0,high_value
C00333,356.5591126559544,0.98402058539458,6.426601494409614,5.911766437512929,3.551441304241873,0.3262558477667522,0.7160972621557741,0.2361449398795084,1,at_risk
C00334,270.1384916398316,1.6469490428970823,5.1212689191014125,3.7071683561168367,3.6516806856169426,0.2958135748682619,0.7316601961383001,0.2530742366175715,1,at_risk
C00335,137.78511312224472,3.042243130705665,7.236745805273534,4.256953707110338,4.717347276424326,0.1584744001352387,0.2668098013002783,0.3600450706991301,2,loyal_mid
C00336,6.039323235582831,3.801702354172832,9.559836956189747,5.783731922263387,5.300255554794951,0.0413615589479543,0.2253477753108581,0.8488370240317037,0,high_value
C00337,9.903988050990131,3.629011999705963,9.768405894678692,6.168334585029152,5.5448629239130165,0.0701368637811695,0.1557000831366983,0.8233651401909005,0,high_value
C00338,349.9203606816809,0.8960908634201363,5.113100628646452,4.7442364860110375,2.922032053134382,0.4159004471799071,0.606629801937205,0.1289411194615228,1,at_risk
C00339,238.9395483323912,1.321173819243816,6.593628834793687,5.585211686158477,3.23844312528371,0.277873260954017,0.514088434197547,0.2705194273595261,1,at_risk
C00340,230.16344712111112,1.7774114216729977,6.676716347672173,5.089440784756714,3.075397634164963,0.2875128873484538,0.436163231388759,0.1485210223538145,1,at_risk
C00341,110.77479806270308,2.4262256450921873,8.16800728582338,5.8369408285438595,4.325271393998353,0.1499031862585708,0.3960201166826806,0.3957696814051439,2,loyal_mid
C00342,304.12579807386146,1.7877784375789982,5.550138868083804,3.9608168974120783,3.058209706561246,0.1629525675170653,0.4846964411104499,0.0580373487751403,1,at_risk
C00343,37.356844664551744,3.8209297379592706,9.35099156641875,5.5559975966160495,5.153694453703562,0.0424680315430251,0.0859771740196395,0.7781626954461501,0,high_value
C00344,271.7353582234926,1.8312852272455173,6.62100622958245,4.969956174647004,3.072420441889954,0.375455868083818,0.730976341003499,0.2737910294434349,1,at_risk
C00345,44.136519139931536,2.505307818702004,7.061530477316772,4.650148201876983,4.436374106861129,0.1702024841801115,0.4311614008586599,0.4453953513849537,2,loyal_mid
C00346,111.31533136165844,2.6477018195426436,8.250058959931037,5.678964904671756,3.804388665261157,0.1704417739206998,0.3859998602602246,0.5693418130724179,2,loyal_mid
C00347,10.9840113582389,3.077932867887415,9.675583315447659,6.646036242446814,5.619473394264111,0.0335417910320644,0.1600125270583881,0.561648404710578,0,high_value
C00348,94.14583529887187,2.2796735353028845,7.129763631613595,4.964235603582429,4.449777420141696,0.1747713175586098,0.4173226088979427,0.4565180212385074,2,loyal_mid
C00349,275.8520616348427,1.4016445841699015,4.652510316223745,3.5529575126224193,3.7067073469623844,0.2793452871423345,0.7748250899518806,0.1074870044546581,1,at_risk
C00350,9.643125291441224,3.6722907002240213,9.888876081039802,6.244224966112927,5.583634134509515,0.0794694798728942,0.1222708954095479,0.6986068397422631,0,high_value
C00351,325.9206558202836,1.5878151123768458,6.658052920343371,5.302567672548655,3.5672076092144933,0.3886576578685806,0.6771086277019986,0.2493793010132947,1,at_risk
C00352,15.589035883072295,4.07484029312847,9.238165969539349,5.185979576995461,5.234412416406649,0.0568196161068789,0.2372051949167637,0.6487427849831355,0,high_value
C00353,114.5750087802333,2.2186691368291824,8.262562012077193,6.160881979569581,4.332534012034174,0.0839899013197207,0.3297198915269715,0.46785735158035,2,loyal_mid
C00354,107.57626523021317,2.3204052755160762,6.889820000106952,4.681108025491907,4.367902762715774,0.1160288792562672,0.3785582026542184,0.4782287572545511,2,loyal_mid
C00355,23.909585708747663,3.4383433206762497,8.572020057663208,5.171822710961393,5.334000117088309,0.0681067719521763,0.2503473584606807,0.6294945287465192,0,high_value
C00356,74.53708179536414,2.618781850904193,7.468034366415012,4.931607140220053,4.699219713289025,0.1232717076679705,0.4689809474096422,0.4165091445130469,2,loyal_mid
C00357,251.7847173984217,1.4772014765229917,4.165047161667988,2.9832759021966404,3.46678341672152,0.1766786229150848,0.5278662270508349,0.1742564615543705,1,at_risk
C00358,228.9047936962406,0.8224413892849308,4.448193949759681,4.207649239635769,2.834479704053394,0.4458089229229871,0.4603972525740271,0.2352038079089466,1,at_risk
C00359,120.82164576702924,2.8259745374000285,7.941857734928696,5.182237633633822,4.776606928389483,0.1431541603097474,0.3352308776926324,0.5000946843258411,2,loyal_mid
C00360,19.295525695506825,3.7475584572223766,9.518886752582791,5.798150188771843,5.746059104971329,0.0433891521841764,0.0940890950020189,0.7753273993727597,0,high_value
C00361,57.90732741283077,3.021036955756548,7.435090557586515,4.474899045297806,3.714824557522059,0.1161083258672732,0.4467057137902416,0.5179168537333076,2,loyal_mid
C00362,16.91975486434918,4.097387049551103,9.296856646019746,5.221547107611458,5.596433278749146,0.022249068549719,0.104714152198658,0.533123918887286,0,high_value
C00363,26.156034304547315,3.8010306647431658,9.895765142798217,6.119487316388418,4.797826591302628,0.0330854345047975,0.2553076966494613,0.6975374381257125,0,high_value
C00364,361.236800435869,1.7314920329439354,6.3987610307236285,4.868144804357267,3.4591492151284933,0.3111517944980456,0.7024483238972298,0.099595740820382,1,at_risk
C00365,128.6889554819695,2.369820400006574,8.133083950787071,5.863975327898118,4.4223644338110555,0.1140979261093752,0.3907440288524741,0.6340676873401273,2,loyal_mid
C00366,4.856596449908444,3.9718197121175316,9.54804040419473,5.598877073606294,5.477086616500911,0.0161670481316382,0.2540140041882078,0.5581219213448906,0,high_value
C00367,316.8459963840348,1.4991821883270164,5.390495006459405,4.15526602342333,2.8193659194849405,0.22881887892445,0.7648821361634706,0.0919844951497159,1,at_risk
C00368,278.8611858220721,1.5341297450276354,6.156095186085208,4.870433631522249,1.1668048764163839,0.3445193055610084,0.7776574588305099,0.1353446235452982,1,at_risk
C00369,328.98991284970094,1.7374117056620557,4.202705700019187,2.7124594110069786,2.335962036638379,0.2422885456272391,0.7693210761031515,0.2967361453009736,1,at_risk
C00370,88.15676024586355,2.793096011803692,7.845577190910883,5.121262196459289,4.7337751776605455,0.1157273702017914,0.5335250767191051,0.5221952624457467,2,loyal_mid
C00371,4.71555013015512,3.530307085518772,8.773199809576086,5.277589293460362,4.853346196790915,0.0493404943261847,0.2581323212310017,0.5019155880921197,0,high_value
C00372,14.900878280554892,3.693239499411833,9.247428052912163,5.583066556083399,5.487634773826087,0.0375007437611162,0.0940728412555325,0.8477400488753966,0,high_value
C00373,359.84413302466385,1.6842750463924505,5.025916894471108,3.568923422825255,3.6678098226784144,0.4184185745144195,0.7012293094482039,0.1641863995884997,1,at_risk
C00374,325.49009375042806,1.5722792382646988,5.770661131320645,4.439781049554823,2.253891335118187,0.1740831961212111,0.6504637143361878,0.1525853397247604,1,at_risk
C00375,350.55405138878086,1.2375473784369737,5.689273634031279,4.799232538041362,2.9628253656795636,0.2285689123694206,0.4196296190897092,0.232352614899826,1,at_risk
C00376,104.00649169972388,2.864139205639785,7.860866772165722,5.061421803985661,4.787784319252325,0.1788370810969873,0.5029011494677351,0.5812430845497178,2,loyal_mid
C00377,91.80172974124297,2.3813929929465347,7.527320672045484,5.247638647443141,4.729017078300422,0.0925579325094221,0.3531377248700266,0.6360260745960291,2,loyal_mid
C00378,103.48472721866683,2.7915143542097147,7.5521657404536455,4.831422870845609,4.7498662034675165,0.0717243425838402,0.2069929734804344,0.3968723719281927,2,loyal_mid
C00379,90.410027836335,2.401460464156384,6.890695804126916,4.593342499191781,4.69442754378315,0.0945039854468281,0.2673099140964913,0.6215578268640388,2,loyal_mid
C00380,123.67387551839668,3.01196803293487,7.3730051248799455,4.422926590081895,4.37890602984898,0.1435379246471229,0.5184780105211115,0.6225853317545036,2,loyal_mid
C00381,248.88943902482504,1.837696066365443,6.673910251797883,5.014991887272104,2.50752583463058,0.3744212877239678,0.5804360643215626,0.2837394542164627,1,at_risk
C00382,22.735596046758836,3.8523471728449095,9.194181495429634,5.367866114579601,4.861484019310312,0.0202604379520157,0.1880462321398325,0.8075672669238889,0,high_value
C00383,73.38605820656676,2.492210598092385,8.184919499881536,5.781867769343343,4.647864277533926,0.1554173676887781,0.354356518366494,0.388215836517425,2,loyal_mid
C00384,263.746340441825,0.8941310191866302,6.219591107874497,5.852222052445897,2.45817550740816,0.207013564787879,0.4387738167157255,0.2829560726988289,1,at_risk
C00385,259.53374263389003,0.7588930978862564,5.890117464871346,5.76305873224072,3.462861373928079,0.3683642675995566,0.5358868216648307,0.093744459371872,1,at_risk
C00386,30.253437690049413,3.43119565101496,8.820410791612789,5.426359238090133,5.127123700509105,0.0730066195313545,0.0846636240583548,0.7168492397086093,0,high_value
C00387,360.3476300767073,0.7853714899301013,6.2456988180085276,6.0694165275692775,2.8078956635175714,0.244415234239609,0.7725847717235558,0.2755374171022503,1,at_risk
C00388,26.85636117581933,3.4820466737220603,9.102352425279388,5.654927656641652,5.412616831618271,0.0588103542015706,0.2980105013820137,0.5562059094047216,0,high_value
C00389,60.23738581659743,2.278698370449244,7.108147434369297,4.943833227110741,4.077873393135585,0.1066134730122772,0.4129052649399777,0.464899382650803,2,loyal_mid
C00390,266.4751354037589,1.6946072586748606,4.648549145724193,3.1893306995426425,1.457473198034342,0.1532804163331991,0.4497641554906095,0.2971118534579825,1,at_risk
C00391,47.70506218785573,2.816025933377784,8.127673629805313,5.37769028066067,4.620292830918278,0.0884001008387475,0.4469072659321021,0.4295231865724915,2,loyal_mid
C00392,90.193278307404,2.813846615295644,8.000970199989405,5.253876901410898,4.365340327829145,0.1375529209144333,0.5086017981461697,0.4265626698797244,2,loyal_mid
C00393,312.41936299379904,1.2456221170699222,6.423779305147314,5.519890606879793,3.5210567019192647,0.4473733884420083,0.7653273187329119,0.1949161798275148,1,at_risk
C00394,78.45458626761462,2.3178964732688727,8.02372915950524,5.812174071649279,4.69919471195895,0.1068829368811658,0.374288645572533,0.3558218451482052,2,loyal_mid
C00395,47.35648789281307,2.4797481145880584,8.227564928216038,5.837950316003496,4.417320269868255,0.1051813700307696,0.309335734270713,0.6055603567239634,2,loyal_mid
C00396,256.8657462744169,1.2950028769772275,5.498890130736719,4.5306828274095565,3.5237355161902153,0.4461558996125082,0.5337436906869569,0.2217123914416167,1,at_risk
C00397,113.63265220563088,3.0078673453551334,7.489918435467324,4.54285097521643,4.62751006821133,0.0427462129688607,0.2305689352751242,0.5677250704157741,2,loyal_mid
C00398,270.6480274789641,1.6845192737683656,5.663901332543175,4.196294837295727,3.6137129177758136,0.2397375432499566,0.7534665126289932,0.2687127122012908,1,at_risk
C00399,86.07421761726138,3.017417700510348,8.248732849806002,5.286291743269535,4.3057151712194335,0.1625017906054451,0.2501725245733385,0.4385120421489614,2,loyal_mid
C00400,105.96080791152924,2.8280098499792423,7.470491142050333,4.711890624941238,4.682741108735214,0.0938568785620375,0.4495102020012353,0.5687813731581168,2,loyal_mid
C00401,107.04091557700671,2.8626198918897945,8.076979783584981,5.277980137354199,4.087092275407844,0.1341799186929572,0.3365905201315184,0.5144791525499796,2,loyal_mid
C00402,14.46209146262871,3.4112400389842903,8.494965306342532,5.123053418606289,5.648719588218043,0.072131348285315,0.2049171314924653,0.7026421336625849,0,high_value
C00403,33.938752856105765,3.9157645640017544,9.153817927220071,5.263265856613338,5.677090418066132,0.0149791155692273,0.1020948353587537,0.6501591424750944,0,high_value
C00404,121.49744421266722,2.885247085735292,8.136751609398537,5.313608866874967,4.225102699596003,0.0716266679151022,0.4197132335268081,0.4080156079479667,2,loyal_mid
C00405,106.83204654561403,2.4144229768336425,8.091803401798305,5.773859255320629,4.175932155263955,0.0492882763687804,0.2900856514931151,0.5585644469180056,2,loyal_mid
C00406,85.1763321287639,2.483580432787048,7.768946696993344,5.376709275214312,4.670314075112513,0.1588767718045345,0.299157043715389,0.565255859802685,2,loyal_mid
C00407,338.0411517703943,1.8579958219280592,5.7922249284800245,4.117182687255162,2.0694249918811374,0.2252558674965366,0.7307099312055515,0.0622188442127189,1,at_risk
C00408,347.62350133318944,1.2546474170386686,5.096994525456106,4.187237395053202,0.9364323627202297,0.2556361421776601,0.493092858670475,0.265140888818408,1,at_risk
C00409,40.43107396094974,3.326892288265835,8.765890265569656,5.47958671429789,5.2230445757601265,0.0198725123092521,0.26976719491474,0.7932009003654643,0,high_value
C00410,51.94115714385486,2.701237586292106,8.232282655875073,5.603950457287382,4.292319382168761,0.1699470039973906,0.4034364579986732,0.5598271130966938,2,loyal_mid
C00411,225.9913513173841,1.695984306308378,5.229306581016171,3.754275272725657,2.9139757011171223,0.434955413974759,0.5289853274327111,0.2075379923185961,1,at_risk
C00412,321.534560364096,0.9038290547246096,5.948396910425796,5.565011836554296,3.395510501514888,0.306514264255752,0.7761405650152723,0.2731210843024149,1,at_risk
C00413,145.03533803810183,2.4164051609700667,7.65841692349313,5.33982574081174,4.692789071181738,0.0600406245135214,0.3033646516268565,0.4747034579336702,2,loyal_mid
C00414,25.413508653225268,3.856817466109422,9.574107046196929,5.741795933258359,5.7195398023386135,0.0761799772676546,0.086715933705351,0.6616045190145783,0,high_value
C00415,357.7476988212338,1.6157805952422215,6.387910129116472,4.998779531302035,1.264930959375384,0.3792228160263872,0.4906794607658843,0.2977181195005511,1,at_risk
C00416,43.17660538262359,3.2109980738763726,9.425646317137911,6.257636800512339,5.090087724851952,0.0753231085390479,0.1653022214593934,0.5656632524677617,0,high_value
C00417,45.395709099859296,2.5269463728195296,7.596531627173859,5.158127796071945,4.54018027635405,0.1284071407591767,0.3987146408944169,0.42913581265273,2,loyal_mid
C00418,39.48072979684844,3.4908662553534544,9.55685603052822,6.099114898428616,5.037585853272876,0.0001847018069393,0.2140184697737658,0.8205107002575482,0,high_value
C00419,108.8614362429517,2.294519043445774,7.185127508053146,5.0028526038452,4.6819101281188935,0.1293074406947343,0.3512316482528212,0.5109459468674871,2,loyal_mid
C00420,356.0394525510381,1.385287983213717,5.47573029173482,4.386782827136041,1.960929811893818,0.1676156044950449,0.5092626162902081,0.0764855892477403,1,at_risk
C00421,205.80403706042927,1.6508220707359567,5.963405415127854,4.533865736923719,2.7375066755553497,0.1782063606506491,0.6344705181083888,0.2719404189284718,1,at_risk
C00422,38.69102850006452,3.5292921812407982,8.820095514427653,5.32529862644878,5.062822026190636,0.0762399306214385,0.0674101591478486,0.7381465819844727,0,high_value
C00423,26.700310632160367,4.054458254489687,9.781645762485573,5.747822901987611,5.4096190562977124,0.0077582310964383,0.2158633143072716,0.6737461188537579,0,high_value
C00424,52.99697454267928,2.7448167207543617,7.073721418069511,4.406744742852609,4.055112043476785,0.1222703384982632,0.5251255059942257,0.3719737958502654,2,loyal_mid
C00425,330.845821528339,1.7162720661389919,5.988815327478818,4.479564351089359,2.897177520024714,0.4116312906010722,0.6786899781098215,0.212149197867608,1,at_risk
C00426,300.03940070179806,1.1730272545494285,6.244158083056392,5.443755964162747,3.1149340150274427,0.1641751016569455,0.401557658552453,0.1041583595514681,1,at_risk
C00427,259.66383987948933,1.3803198665154468,6.403799922412913,5.316427318382614,2.9859518808972956,0.4195126151818124,0.7601112398461638,0.1928032978379994,1,at_risk
C00428,74.0158660292029,2.421498240377078,7.975211743328628,5.649873961059007,4.377423890651718,0.0805479928300201,0.2553587522782198,0.4712463606839828,2,loyal_mid
C00429,119.30418351097592,2.7977790889244316,7.102868553167393,4.379755460758772,4.753635196143931,0.0537795043679187,0.4815021530568406,0.4379113023298455,2,loyal_mid
C00430,324.043817023079,1.5386000385787948,6.617643171953691,5.324255376886929,3.708105885719886,0.4006590594333274,0.4691709231067726,0.0966655259238574,1,at_risk
C00431,7.359064310106063,3.744997254098469,9.899902712736141,6.180845596151555,4.8986311791432735,0.0681546526235838,0.2215407289037876,0.697777268720747,0,high_value
C00432,134.9038157035921,2.428367480506375,7.192700889207832,4.863646726793841,4.6569142613933545,0.0632337749078895,0.5428675883935008,0.3742315277622058,2,loyal_mid
C00433,208.38752122149876,1.160551386358254,5.7004694851277655,4.9197729115789715,2.5076088030028703,0.1780748836015118,0.5533371173642032,0.2347930804816806,1,at_risk
C00434,149.60573278745215,2.3499883886110178,7.560458162683588,5.315107435987424,4.413259863686273,0.1426968216904714,0.4502209112427213,0.4921953419087272,2,loyal_mid
C00435,14.744132220809806,3.7431494248703543,8.866393207104968,5.152866583255795,5.1234104338934205,0.0326369144288452,0.2157274285525238,0.5193446433254296,0,high_value
C00436,12.978628721186997,3.841225596374015,9.764174782625375,5.947209302034469,5.62677479118285,0.0088553659223692,0.1475156475391323,0.7341316806470528,0,high_value
C00437,70.8580568836932,2.7856072787414847,7.537200778702702,4.822813734380171,4.778012747888207,0.0387621569331928,0.3207030310938542,0.5416266667305312,2,loyal_mid
C00438,65.13127377513146,2.890048357300009,7.1364732568613665,4.31624628312709,4.712386566581005,0.037770767345981,0.5356856433243373,0.4941679672396755,2,loyal_mid
C00439,16.262271399532832,4.015098641931206,9.564878304868996,5.571726572106012,5.28776627704535,0.0608011977395227,0.2319608247421796,0.8378955837186074,0,high_value
C00440,50.61265231295857,2.25859997285385,8.267839216035869,6.121549386722059,4.666345863531931,0.0935378022442179,0.4170283173286418,0.4469621868478348,2,loyal_mid
C00441,37.61943126138885,3.8119956393905903,9.02799561744334,5.243527535762689,5.50280621452338,0.0075257570471516,0.0549416113356729,0.625079368225719,0,high_value
C00442,42.927573383068776,4.041904327796906,9.444102463648735,5.4242571329760265,5.501380069754935,0.0166173802681231,0.0731890193561237,0.6204493773221718,0,high_value
C00443,25.35749362895181,3.3185860886134453,9.628880634045512,6.3488546316626655,5.577946461371571,0.0723178632702432,0.2940320976729269,0.7821668379056539,0,high_value
C00444,237.6146824168251,1.2352605131586645,6.418170166540275,5.528815179885209,2.205141697607911,0.3611333083620673,0.5353222098411856,0.1956706154326897,1,at_risk
C00445,4.962105874128238,3.6283461554370584,9.277569087528978,5.679469809751405,5.245225046862258,0.0301764786306403,0.2362478814449221,0.8264728668799439,0,high_value
C00446,225.34430236873013,1.4681409090029822,5.116269836565947,3.923898076603053,3.283233591416361,0.2606635142212412,0.4809621118015049,0.1937172605069335,1,at_risk
C00447,17.440940070443244,3.9062143566477108,8.830704593905097,4.9517617131159355,5.647677161983536,0.0273109653905382,0.1496266558685531,0.7470289512703209,0,high_value
C00448,259.01763420178577,1.3194543715830827,5.753078447942451,4.750127401389547,2.7226958864568913,0.2126878822453842,0.7653734639252256,0.246177227297037,1,at_risk
C00449,34.820489644376906,3.8063010391416774,9.383759049959723,5.603546578565643,5.362014538762936,0.0423796532945998,0.2436559703230574,0.557187095052309,0,high_value
C00450,29.33006528354924,3.366986336112058,8.603013324977194,5.276071384859259,5.752455245716646,0.0794467665544405,0.1681959931897495,0.6964280737615154,0,high_value
C00451,9.336739799708573,3.97357776628676,8.885927061370563,4.93838801570651,4.961840337475722,0.0453550236255509,0.2117679495358312,0.534704939709585,0,high_value
C00452,7.788737650972104,3.836415544281608,8.500395098642617,4.694768019910004,5.447135318455813,0.0699110798323041,0.2346276781716571,0.8274396803449293,0,high_value
C00453,13.80038487816522,3.941606775956545,9.150197905509629,5.233442313197554,5.131836373419098,0.0202547684901281,0.1486203794846886,0.53388355225674,0,high_value
C00454,42.26436401889924,3.9709589937104033,9.765725261935232,5.816726030310493,5.682057904955178,0.0143593657876869,0.2580300188204965,0.6686172429767601,0,high_value
C00455,236.08619731501972,1.3904785990355515,3.9401457662635533,2.87442582247829,3.657227932536444,0.1909411662133532,0.6350087122115498,0.1661004065792979,1,at_risk
C00456,52.51002595360014,2.9752086977093324,7.774837651109362,4.85937945246957,4.1597568280343005,0.1319176249943912,0.3202985269489743,0.5258410865521792,2,loyal_mid
C00457,156.94010710507467,2.3028594939208413,8.08502842478663,5.889961714997478,4.588680549288513,0.0749117242224786,0.3088723422866065,0.5273232850861507,2,loyal_mid
C00458,279.68483426284433,1.5248758706311532,6.039919979212511,4.766655319938804,1.8306615196532603,0.2857350704504274,0.4791922985667629,0.2898990655148737,1,at_risk
C00459,74.03213795266888,2.940436039942417,7.808032591729522,4.92874199344233,4.210673911564535,0.04352054730574,0.2622350624159399,0.4923248134677932,2,loyal_mid
C00460,28.73243409723109,4.044911392117987,9.456208562649744,5.433263741945145,5.424546460543494,0.0704828841534296,0.1524955970562608,0.6325074756459058,0,high_value
C00461,1.3239398690442423,4.019973419264162,9.806278797580855,5.807376661438001,5.704205639365183,0.0159633594319592,0.0823407008645686,0.537591034701002,0,high_value
C00462,238.99947183828485,1.7531686107970192,4.318977881309531,2.8050401604048165,2.5731842770415154,0.2390605456522243,0.7990669569354544,0.2291556891818282,1,at_risk
C00463,46.912126045476974,2.8188235085378333,6.887608537727686,4.145261137722857,4.661502483269883,0.1305139761222855,0.5084316254850982,0.5683621139067806,2,loyal_mid
C00464,272.40558079732153,1.101167314129484,4.094992639873471,3.4146597757030306,1.2038719070966255,0.4060890519440202,0.5997121027896593,0.2310030630460871,1,at_risk
C00465,69.2942890102692,2.3900387510999033,8.066875282270832,5.775728714696582,4.497076488364134,0.139539864342007,0.3815456049031158,0.5268518991210404,2,loyal_mid
C00466,40.233799715216215,3.5927207194438937,9.77596031492041,6.21309703530556,5.618905101340375,0.0425508873076854,0.104797304119658,0.7219820518883548,0,high_value
C00467,89.7312725329769,2.7833649549841772,7.044802572606376,4.3375442533454605,4.344995097297352,0.0619012060140045,0.3644878879435284,0.64004596342467,2,loyal_mid
C00468,122.08001242732674,2.7408956907602087,7.678398927532982,5.010418394075973,3.9057417963870504,0.1742829152052885,0.3878152827353083,0.5056311749648927,2,loyal_mid
C00469,37.63784062654485,3.9678868261562763,8.777155786345554,4.836178234669892,5.638974827249898,0.0636822845048302,0.2168724807866894,0.6121390212590577,0,high_value
C00470,102.1454290802294,2.418915077861118,7.798532556219743,5.476631527230278,4.165073514052834,0.0996903880789554,0.2241286331063941,0.5242614045309146,2,loyal_mid
C00471,59.32548193839279,2.563025409686226,8.037482059259673,5.5581998431506605,3.907462058812815,0.1576555480788109,0.321100303533305,0.6161117060991659,2,loyal_mid
C00472,359.121577157094,1.9202398145739736,4.668641712032832,2.951161514905545,3.0483884048713303,0.3654187009902752,0.6223509619503045,0.2035497008858998,1,at_risk
C00473,356.6334312965275,1.1259394184117593,5.722937705546912,4.992610477784209,3.4052087132366915,0.2577613191803213,0.6610269007068328,0.2349577735096261,1,at_risk
C00474,297.83784413968664,1.7486369674605093,5.878414170598769,4.331384385900252,3.350653367227863,0.2517070877759479,0.4423000549846057,0.0883730513435476,1,at_risk
C00475,306.09473985123736,1.874024849265242,6.5342856597785826,4.833448350952278,2.898831613422396,0.4467275818499707,0.5854878911986372,0.2185382668234912,1,at_risk
C00476,228.9512706855495,1.2381337874281373,5.711370804082789,4.820403976486685,3.0900181049452313,0.2068473831561647,0.5627423357563306,0.1383223873592367,1,at_risk
C00477,257.40362799983774,1.9049381195480146,6.534221365819961,4.797261465595679,2.6832211110127786,0.4398607876104529,0.6499042538738367,0.1632175414280045,1,at_risk
C00478,289.676773188177,1.5801814474014688,6.0049161362052175,4.662347583107144,1.1785626800033657,0.4288896563172673,0.611054544241793,0.2652215421302484,1,at_risk
C00479,5.143803307056579,3.0707215344310765,9.901162578146623,6.878918767834636,5.748252988300112,0.0100821073397301,0.2080707032575525,0.509302217749052,0,high_value
C00480,237.2782780562691,1.1389373189955119,5.388885635769058,4.6409624820183195,3.6924676111154615,0.4229392729552633,0.6424785715551244,0.1486064823931486,1,at_risk
C00481,111.06144922068032,2.8667102205440442,7.919334608777406,5.116841506716869,4.020979232437749,0.0673035571181797,0.2958469275260829,0.468907950188726,2,loyal_mid
C00482,145.8288660566713,2.2529211576910884,7.410522238659974,5.273170680965863,3.9917634780293656,0.1168729778795969,0.2126087173926932,0.5030977751227202,2,loyal_mid
C00483,66.63448474731389,2.916628013528814,7.724440101977262,4.8707028097511476,4.454373454754142,0.0459583024518611,0.366569352130135,0.5032631447810987,2,loyal_mid
C00484,40.97755039113471,3.9543131220455705,9.667023869328562,5.735240735474296,5.131521139650028,0.0374733312997416,0.0518767581999999,0.5750886403960502,0,high_value
C00485,214.8092838164472,1.350075309398339,6.081683559091194,5.03589549324064,3.5145796267153213,0.3615817228432955,0.4274483428435436,0.1900934739919682,1,at_risk
C00486,132.1008899177078,2.99693032464088,8.196219744575819,5.255476491706444,4.208388240896368,0.0670601380921078,0.2826936520474156,0.4600172518753903,2,loyal_mid
C00487,135.80209753118334,2.864518503968703,7.911630806212558,5.11149131326116,4.794234272212244,0.1614592126126318,0.2318960058992339,0.5571224326336857,2,loyal_mid
C00488,118.09747180528416,2.8369601074516617,6.921211926727092,4.159395833503748,3.9557721549326357,0.1741890775122569,0.2507438866189999,0.5620517521538085,2,loyal_mid
C00489,355.6580879608457,1.3588178327536977,5.432833214543243,4.379260240515706,2.9550154690778445,0.2947128013887343,0.6149750293415907,0.2432237717737144,1,at_risk
C00490,343.0834256401065,1.8885061217349108,6.2370957293516485,4.521609955305631,1.2963314034883406,0.1950388670247771,0.4123979153924538,0.1812733083362159,1,at_risk
C00491,23.66251368619544,3.460138945150797,9.77067943957294,6.344171661933515,5.458914693816358,0.0024043663008943,0.2344493890265932,0.8315619285053615,0,high_value
C00492,6.192259693302674,3.9546820628270103,9.187227040163593,5.257017863850786,5.528189596651571,0.0148612907896869,0.265142479823594,0.7530898307508851,0,high_value
C00493,306.95031539507715,1.1736038816512115,6.145227675481115,5.344242746392697,3.190726294416807,0.3331566012641475,0.4203776356012089,0.2689346214908019,1,at_risk
C00494,331.3051132525501,1.1201698040036836,6.131984276864956,5.4089842313723375,3.106968635445398,0.1763278148314651,0.4429148230094908,0.1735649442029656,1,at_risk
C00495,21.728233070297836,3.988735267811289,8.751962354608011,4.790112010838449,5.698138284253613,0.0584908781322236,0.2025151207217934,0.6404427374651397,0,high_value
C00496,79.45358935668847,2.7775652355131535,6.815870620092663,4.1178299534839855,4.4100297578083225,0.0514795106614682,0.4331348437486503,0.4985901849157526,2,loyal_mid
C00497,13.686436572930742,3.6244172706211653,9.531386934845463,5.936568275040707,5.411315052541838,0.0546065278567376,0.2445378556360031,0.5718866041853423,0,high_value
C00498,15.336315758078683,4.088482019144752,9.62713654333772,5.559354085142602,4.855104793956467,0.0316933200047399,0.1772335379378385,0.5684202783537015,0,high_value
C00499,111.60716205183144,2.312408486330278,6.84723999337601,4.6476736116414195,4.64384206550013,0.0539607701434063,0.2979390714381755,0.4858315235338453,2,loyal_mid
C00500,237.7265244392489,1.1436830791366126,5.317607462998984,4.5631609252923235,3.6857312768072132,0.3023030992385334,0.6373825090359894,0.0675286080110459,1,at_risk
C00501,278.9368128043019,1.844589266186655,6.370854313849912,4.705719871730296,2.6938857882834215,0.2094353224236272,0.7609959869691675,0.0841658301947075,1,at_risk
C00502,273.4276490509087,1.881969684247904,6.2319597669097275,4.524142291224211,3.551527824623697,0.1856032101236534,0.6385780397441094,0.1528007942622231,1,at_risk
C00503,27.00028162518234,3.268964706940687,8.336304763908354,5.111931461440841,4.891143475541415,0.0617882390139654,0.2941660195541473,0.8372529692777537,0,high_value
C00504,2.927365694638066,3.766023850964216,9.775173468159664,6.034905292527457,4.926991726663323,0.0185024431749481,0.1415838721391341,0.6666321148375312,0,high_value
C00505,47.19890015024179,2.423477428075862,7.9281727167233536,5.600824033480625,4.400322655641494,0.1529590156717099,0.2725736665592595,0.6489515778903676,2,loyal_mid
C00506,117.85298846662651,2.83979326768707,6.954474440321828,4.189215404832294,4.458625911759797,0.0529650563705065,0.4339730016135227,0.3786450235877652,2,loyal_mid
C00507,353.5629406098624,1.480941906437162,5.9970499223702305,4.780073749901217,1.0478186147781,0.2517047572719781,0.7312791409957344,0.0706069973642817,1,at_risk
C00508,55.22304975540602,2.997183496801092,7.716219854012703,4.778253929874097,4.392842479002571,0.0872115342604353,0.2891703484341378,0.4034402431225208,2,loyal_mid
C00509,327.17758025478605,1.0330805104133098,6.189974274220542,5.598467277684186,3.6602548082852118,0.3594955223605764,0.7491948861606829,0.2601740426334402,1,at_risk
C00510,364.1459952474432,1.3164937834878343,6.399608994779131,5.398062521123669,2.4859185293211414,0.1901359276781566,0.4489158148811275,0.1149355630216592,1,at_risk
C00511,347.96463631246525,1.5919298868255527,6.535082563487075,5.174941495579141,3.3996401116257062,0.2099384791974397,0.4443283078794817,0.1137811640144084,1,at_risk
C00512,92.15250108171584,2.558308254383343,7.47920066261478,5.007634824967219,3.819561962965918,0.0780876093674859,0.4400406566683383,0.3763213349247906,2,loyal_mid
C00513,209.56098184879144,1.2636541103656007,6.321930198714794,5.393184616656276,3.1776634931505114,0.3768225847284714,0.757252122428013,0.068784851983049,1,at_risk
C00514,114.76858042744423,2.4925643459208553,7.777620889747881,5.375594479681165,4.281700604546109,0.0337166812742395,0.2467235422821479,0.5560261875624373,2,loyal_mid
C00515,35.4403499990126,3.1937519981889695,8.803200344877682,5.6546879363780675,5.297442761370504,0.0716897665938904,0.0628547886392323,0.8073515986294381,0,high_value
C00516,25.87038868517231,3.5089566267756473,9.85939935775147,6.382467963386093,5.065872796980208,0.0626368104020868,0.1137767327568451,0.6133778341281726,0,high_value
C00517,94.92822239800928,3.0237444643072444,7.917450288590869,4.95028846805527,4.340814512234289,0.1216236825698954,0.271291272178063,0.5441356364220699,2,loyal_mid
C00518,5.549730579792272,3.8355026988415,9.702269267609823,5.8912995973487625,5.356697440579422,0.0467382288048974,0.2131716837173138,0.5946196258697647,0,high_value
C00519,112.75007433401696,2.4056219498515863,7.873666493358666,5.566037565931411,4.593079647643178,0.0639283334703093,0.2819789866738715,0.4952946766056446,2,loyal_mid
C00520,159.92680438174324,2.392988638507167,6.845500596429302,4.557789891708045,4.414839514042908,0.1257430535868815,0.2762430521592598,0.6353134562518669,2,loyal_mid
C00521,28.927606080026,4.057660157508855,9.49169814712077,5.455684248388819,5.243784027348761,0.008369207744382,0.130122790419504,0.7019013354741575,0,high_value
C00522,20.51022474840257,3.9043191101775965,8.40402271307867,4.5306720495506925,5.18540422983521,0.010152798041481,0.1356784106887389,0.5947438665232875,0,high_value
C00523,13.374286488916368,3.942686742640336,9.06807947759847,5.150676386779009,5.231895197317301,0.0621886970662153,0.0632017753500275,0.6821601053185297,0,high_value
C00524,20.23468443038255,3.992259133077469,9.776738683433528,5.806067013071477,5.594288590221539,0.000997590235297,0.0729309197647516,0.8010986601766292,0,high_value
C00525,114.11922882039951,2.9550742562987167,7.89951797550407,5.0042841539090555,4.695714487972348,0.0438386461403058,0.380550803295142,0.6007763242750528,2,loyal_mid
C00526,344.03048270386887,1.467473867527687,5.358625755471002,4.164122295120227,3.684396710977792,0.3581578002627004,0.7704728785099454,0.0838053405009965,1,at_risk
C00527,5.156533394706672,4.078347055067794,9.150875907453273,5.095645378335895,5.218623642286869,0.0040085351757547,0.2975971143401206,0.6056177033439258,0,high_value
C00528,290.0364895233729,0.7038540955956576,6.431840233917541,6.4105744783533565,2.5576781271766658,0.1842057574003653,0.4946807978106413,0.0993705129658195,1,at_risk
C00529,35.62467261009409,3.6675504822641694,9.639147754491187,5.999884988341711,5.542527693907831,0.0687186288446171,0.1187881314004283,0.5403642533388457,0,high_value
C00530,323.4183712771537,1.1248074960757335,6.221691885286257,5.491646511349075,3.471458190079811,0.2608714819070273,0.5509127356245453,0.1824063102398709,1,at_risk
C00531,305.2595628006964,1.5294099122050002,5.213581897755303,3.942498203549393,2.7319855543814744,0.1618570856070691,0.6088565788836008,0.0914665074308357,1,at_risk
C00532,301.93516990342124,1.2151121216514054,6.593515504979485,5.732217048869942,0.9681192460014908,0.3815581622531777,0.6880864116010655,0.1550407136311596,1,at_risk
C00533,103.033979628722,2.660456223162541,8.025830499544169,5.441868818451603,4.6459728809946155,0.1662518513312394,0.2098768362620649,0.5610974302566833,2,loyal_mid
C00534,152.7453808935452,2.704471649037821,8.129588707552731,5.498173944031882,4.640370461466227,0.0424404334302259,0.2769615149572716,0.6048971607338209,2,loyal_mid
C00535,65.21045485882402,2.3154215203714643,7.124902600652965,4.919946601558953,4.715170125352743,0.1467540706167325,0.3586171772671731,0.6153830007950842,2,loyal_mid
C00536,227.86405186609795,1.8464240432181247,6.515642319369043,4.84735544176409,3.076263985420265,0.4108085480635571,0.5354365772843257,0.1668183419730836,1,at_risk
C00537,210.4143331661387,0.9933543690239669,6.2512481330104,5.721806196036766,2.96574667521859,0.4311154292011521,0.716908334868161,0.2168492220246993,1,at_risk
C00538,41.30452118605475,3.2499613655190767,8.974577438250103,5.767170479684698,5.017880995893814,0.0347650467758152,0.2130644016164638,0.6318569027562068,0,high_value
C00539,99.09555004005196,2.7806283082012437,8.232570752723184,5.519696510725079,4.679849182388719,0.0495037492526854,0.2723204391183354,0.4571346787689855,2,loyal_mid
C00540,72.94842921531018,2.568778668330286,7.783121019022771,5.2986606307852595,4.674110196047535,0.0783051122296578,0.2006753977556688,0.5447627079745762,2,loyal_mid
C00541,32.54316832299581,3.6766037809962833,9.729070268839378,6.080331555590345,5.4523160871852685,0.052201536060213,0.2435839752957628,0.8246267008687673,0,high_value
C00542,228.01699567249676,0.8707590536111225,5.09955366814104,4.773537006619339,3.6442575383069897,0.171558649752288,0.5609483532688736,0.1463535578603553,1,at_risk
C00543,20.310651349090303,4.09222660497389,9.836068637885178,5.763775772778187,5.610520741686272,0.0253722536903983,0.1645655103841284,0.692818068971641,0,high_value
C00544,69.75363899930616,2.995347952611624,8.00724141432774,5.069181305583568,4.508827856734058,0.169177185274172,0.23710087238198,0.4852774241947983,2,loyal_mid
C00545,30.22979577440505,3.1240816210678735,9.263077949216575,6.18593538167157,4.901068416456093,0.0327311982099837,0.111051250191472,0.625535477034769,0,high_value
C00546,247.19780480366524,1.2181824131319516,6.333174989739285,5.468089207906529,3.597822446608963,0.3262904923959129,0.4989068332317778,0.0860392872303396,1,at_risk
C00547,21.66045569613555,4.0659610145970335,8.443206613409991,4.406597025627078,4.873208281198299,0.0580615707772347,0.1548252469819525,0.5749323012678521,0,high_value
C00548,150.74372355102287,2.419506016638654,7.922920227742954,5.599931346684782,4.55922904192273,0.0958552668342145,0.3914556798722167,0.6245979583069885,2,loyal_mid
C00549,66.39921271927136,2.9609422384094577,7.316546069600898,4.42020223464101,4.712029529726828,0.1308659358325185,0.3147447135987046,0.5488764533096263,2,loyal_mid
C00550,130.9643453509403,2.7957725527412345,6.924279898741149,4.205559870776174,4.7897331250776976,0.0776482831207811,0.4113525963284204,0.598458340111285,2,loyal_mid
C00551,213.39041006994336,1.9386143631330346,6.394151759238075,4.619146681911533,3.6070179397871382,0.2289951846769456,0.416501213002625,0.1613163664998469,1,at_risk
C00552,31.638096503420385,3.1389003501406596,9.572771020089927,6.479633833644938,5.705112788578118,0.0763918713484646,0.2112047985898226,0.7305636934358453,0,high_value
C00553,273.95970447315017,1.7743334675571094,4.417802276568851,2.8752343035297625,3.553249344886884,0.1707419835021784,0.6038938639505776,0.1938237381571255,1,at_risk
C00554,264.68990369854816,1.6443805974854675,6.613739861912838,5.188209569998751,3.643893790945263,0.1699194837129823,0.5501112558773977,0.2456903370140256,1,at_risk
C00555,208.1044112187566,0.9118569118963885,6.17062941365941,5.773586288656828,3.4878235342021515,0.1681892226568215,0.4641557296270944,0.2399962528740381,1,at_risk
C00556,37.20151098391652,3.973399928614516,9.817577444328062,5.8659499025748865,5.761785989976449,0.0467711067307332,0.2875152736561093,0.634879318299986,0,high_value
C00557,244.97677207362213,1.766606701929661,5.313663211720949,3.7532695118426274,3.64228739934348,0.2362419055645269,0.7346562985626177,0.1065993851028335,1,at_risk
C00558,291.9052940104393,1.6919850532468776,6.346854816349365,4.864391608970521,3.210130649776213,0.1634640967428829,0.4663971645948109,0.1847920730892494,1,at_risk
C00559,282.1118708902875,0.9713341768198611,6.671760785062524,6.176982735861505,3.5656813225033717,0.4027365004358002,0.6079014638783373,0.1679701781073723,1,at_risk
C00560,37.51074869782618,3.950721594715284,9.693226187448658,5.76501150194633,5.0667912479961315,0.0762564419924151,0.2557811524875237,0.5750142409992454,0,high_value
C00561,107.56129121036308,2.8198616509072294,8.069774386095139,5.315989405380421,3.796652192460882,0.1143494241626615,0.283200031379842,0.4339387366013948,2,loyal_mid
C00562,105.80772832416616,2.897647213810157,7.308043133344319,4.477880110335053,4.574695326275536,0.0576707376268658,0.5410547136444362,0.5120425856999088,2,loyal_mid
C00563,68.95521420274363,2.299233418458728,8.014754644098538,5.823884717083751,4.654503420614371,0.1691787338194482,0.225142204406763,0.5920503341571366,2,loyal_mid
C00564,85.49500733098583,2.8148905052629236,8.048448922975178,5.300023767105673,4.58959007767409,0.0391244801252042,0.3310287417696498,0.6222245559781021,2,loyal_mid
C00565,210.4491989859221,1.099549301736807,6.629108549369731,5.9358803576876085,3.643812594622442,0.2263647943881846,0.6157751034657558,0.2657315937387071,1,at_risk
C00566,52.091382534564765,2.371257749423995,7.906531853645011,5.636490813101369,4.730573076966912,0.0432585353126246,0.4431794089370663,0.6080019494187812,2,loyal_mid
C00567,12.548262700606044,4.007721240249952,8.388943849033637,4.411547795866661,5.4854058093849,0.0635565624396707,0.2133849564234108,0.5157901609982475,0,high_value
C00568,66.01529748777337,2.989799058959227,8.143928374920092,5.2109169360731995,4.325282112217079,0.1617472096340787,0.3443087544000321,0.4719794431105888,2,loyal_mid
C00569,124.52762547729428,2.5354032999013123,8.241308958285863,5.7912456746379535,4.768358761117565,0.1601396798359788,0.3789570836944432,0.4464867014657737,2,loyal_mid
C00570,7.151067917616928,3.163885358173409,9.713917499157215,6.594520693584921,5.476731508398806,0.0303242156029844,0.1855197587376797,0.6841211844101073,0,high_value
C00571,54.21823028257619,2.9667720680980882,8.033907686503753,5.125612588816172,4.445162514379802,0.1486010387466914,0.5496640061269437,0.3587214842506391,2,loyal_mid
C00572,135.67146307266728,3.0343166482139394,7.542742939134612,4.567636153655027,4.583798921869988,0.1782264636835725,0.3104378610659938,0.5071347108109626,2,loyal_mid
C00573,342.5825768167996,1.185903050416758,6.054808379072178,5.236409746736797,2.977965847594099,0.2636603869043872,0.6566188813363427,0.2534789209273926,1,at_risk
C00574,16.599142597714206,3.70237206343822,8.429367672466267,4.760350925600462,5.38879748382812,0.0475654087112691,0.2374046547307168,0.5742969985942601,0,high_value
C00575,323.2995170316915,1.8590518796353221,6.137986652353225,4.45781833567519,3.254677906568523,0.2042118587300428,0.4387011593444384,0.0848747119905474,1,at_risk
C00576,94.94768437016626,2.5046105898190087,6.941405592288643,4.531885517753954,4.647729389246626,0.0385936120083428,0.2285048684342862,0.5900234207574584,2,loyal_mid
C00577,5.740601622059449,4.064734640514516,8.584262012314301,4.547309154527663,5.573338153336561,0.0429254410861671,0.0587095875699789,0.7339157592783038,0,high_value
C00578,272.0501357409085,1.7302164267137152,5.5327880254424615,4.011970361699395,3.690991112747432,0.3168570890393368,0.4572029605305541,0.1680361127551615,1,at_risk
C00579,11.602705300250127,3.2533494087272454,9.321194323735808,6.109390847885451,5.317164727712223,0.0600670867795887,0.1482295441742684,0.7931165103257218,0,high_value
C00580,354.9028834441613,1.8262173772586936,6.614729442101154,4.96971027756424,2.155147435104434,0.3786754044910535,0.5781026822144163,0.2229712731764757,1,at_risk
C00581,44.79357587411518,2.855221319594902,7.912299038516977,5.12195870042693,3.8144224793155748,0.1635386900469436,0.2215582713199632,0.3629009752220153,2,loyal_mid
C00582,157.7531828791927,2.995367205705929,8.05020050436431,5.111869751855683,3.718395402732468,0.1200409922086622,0.4321603477804451,0.579443884506752,2,loyal_mid
C00583,229.09867010893723,1.915830320242078,5.212215953572115,3.4814210855075856,3.510038346216032,0.2364179906166422,0.4999304351238888,0.2412030001527821,1,at_risk
C00584,235.5566983990956,1.85280678171956,6.481675421014034,4.8060964839850575,2.7291586568621398,0.3294503640122324,0.6129661278851478,0.0925978772896562,1,at_risk
C00585,8.506090615622988,3.919906379665064,9.616048169743328,5.719404665309891,5.212290903311853,0.023682629032802,0.2998554773060469,0.7712177661834647,0,high_value
C00586,43.32349724017864,3.843729839943172,9.409586883072446,5.591158963247974,5.197815353136103,0.0417609841093209,0.0919248799194452,0.6361838490327281,0,high_value
C00587,291.10684604523044,1.639881767340434,6.398334261494155,4.979364211984947,3.072901333193817,0.241644183711351,0.7004035011530232,0.2718557245341841,1,at_risk
C00588,21.32259813106105,3.5819779055185226,8.937282297867057,5.387969652679622,5.745697805886518,0.0104886954420975,0.2406475229906601,0.6152418608592194,0,high_value
C00589,129.73476677759976,2.4498707069996923,7.883627753332356,5.527621649242065,3.7526858006697617,0.1619200283384814,0.4471854390891364,0.4685346089619146,2,loyal_mid
C00590,250.87497865221928,1.9059421704670383,6.280409043156542,4.544247651342985,2.2907612365035726,0.3241314891608534,0.6480586629862191,0.0506768184189467,1,at_risk
C00591,220.94431737050172,1.8206107324532599,6.512209460542918,4.874431062226391,2.8992102006316647,0.426707291563801,0.5948461679665688,0.1177844715587726,1,at_risk
C00592,89.2529768266536,2.6330689290676452,7.303987618202048,4.753474785788707,4.506202173532136,0.0616831491656947,0.3973320643062044,0.4343945521621649,2,loyal_mid
C00593,29.59325046841208,3.6947724843523413,9.206049697289055,5.540277101949993,5.335586650813207,0.0676637566241714,0.0779612005951693,0.6630151041250392,0,high_value
C00594,34.35586056375645,3.497656830235502,9.581993898791543,6.117210902088072,5.622097344382523,0.0040415757097604,0.2731219224218316,0.5003736127579616,0,high_value
C00595,18.97526032388399,3.3316921945866276,9.357699441373708,6.064633880865777,5.4637232649175775,0.0018512075665557,0.2025568611083114,0.6332563264260007,0,high_value
C00596,20.771906094326702,3.594667117169936,9.108552474456717,5.5455412856551325,5.6326261396698705,0.0396405245302894,0.0789260418273573,0.7090880851758442,0,high_value
C00597,354.5504991577459,1.261014868777194,5.629064522826598,4.7067171475620935,3.570143802128517,0.3386844051488331,0.5785000084645238,0.2035704626178945,1,at_risk
C00598,117.1801052248066,2.8606673049577678,7.179226849027702,4.389218591579383,4.453827089900971,0.0392717941607573,0.3539486552070756,0.4678176241737288,2,loyal_mid
C00599,12.698278304218862,3.7481554360514844,9.838304298628275,6.116148041452569,5.024461357500926,0.0036138493591541,0.2493777089201881,0.7644388398656995,0,high_value
