recency,frequency,monetary,avg_basket,product_diversity,return_rate,weekend_ratio,repeat_category_rate
0.7872231781105345,0.6792136436662197,0.5757246802652339,0.432763111716263,0.7125281085457854,0.3197578133940681,0.6331542816129477,0.7165334845233181
0.5609705611598443,0.831447731439398,0.8184161408827862,0.6411753007369004,0.8538673776442527,0.16964567088960356,0.023361256918734336,0.8613180145178339
0.5892415860009246,0.633087451809731,0.6661696369507902,0.5942118340185257,0.5958709563848896,0.3643706995486004,0.23175217479541554,0.39117980902514476
0.6985049003116972,0.6611436293238596,0.6532014242334151,0.5533157790036384,0.6511684952540201,0.15182950241636842,0.3647543784679186,0.564093423680155
0.4593367573194413,0.9265138173904837,0.8811540830194186,0.6510067039995425,0.8122585150259976,0.04478011282091987,0.18644766534499052,0.9482938928580992
0.19217443286472502,0.696503162690307,0.9997218468805221,1.0,0.9955197322027447,0.022076746436093485,0.21351849908674586,0.5746031888147232
0.9269462471357066,0.22757459409690592,0.0377182023596242,0.10026084081783038,0.5240272631828751,0.39368009433455364,0.6458460949104705,0.15483062456183244
0.765216098513732,0.6846282601433396,0.65956903144183,0.5427579768133722,0.6793848724281806,0.3194092550488041,0.4431362710656764,0.47266532785772764
0.3963870520396356,0.9744070416121471,0.943323627353981,0.6980903928723586,0.9003547476922913,0.13520866717186997,0.24581525753687933,0.9862916739820465
0.8181507355925062,0.6695641855015995,0.6860837628177462,0.5913958482685892,0.6230235885713048,0.17608502940516627,0.2676940666783866,0.4398031210799779
0.7245136335798568,0.5584922705530214,0.6097815236631513,0.5792672878667445,0.7615611837914144,0.14696334560180324,0.6517568960306459,0.41966050944944927
0.49098144931515947,0.8175446945097502,0.8657534340185774,0.7173065470284409,0.92615658040898,0.13076797331167703,0.33510699485679274,0.6333679472251742
0.7907772385296827,0.4411644993610613,0.638204441879605,0.7190860984321842,0.760570721453773,0.32012638610349503,0.4361051014435435,0.6208269192348074
0.9954920760786037,0.08244519444688683,0.4170033722725882,0.7766261296279743,0.5415228094335136,0.7273209110844032,0.9003132928908036,0.2323695420497388
0.19258359314093715,0.9930192879348445,0.8738913049132285,0.5881344991318226,0.8860656105576423,0.008529285722155028,0.33454814205032934,0.695275060097671
0.6739540112724325,0.49619717867107704,0.6920936114615485,0.7452068053815274,0.736949420994835,0.31083990422081775,0.4480370635575313,0.5965908565142363
0.5685084768800588,0.8501129835521297,0.9787241812512933,0.8462215592001355,0.9687884729543683,0.09450027400269012,0.07390447374882227,0.8410657769564434
0.05043157930633138,0.905447380763357,0.7528269032120071,0.4922335835193338,0.9469139110876137,0.03469561421136848,0.33043028350185266,0.9693448297240378
0.9431850329863336,0.3466866035872237,0.3843600173824798,0.4561399285813549,0.5415406898860758,0.4135869121564174,0.7955160191271377,0.127949220125394
0.8017817626181516,0.6121056476403282,0.5365781812030032,0.43454441071946814,0.7263230236822674,0.23765483287405267,0.6563813647398311,0.5771677140014702
0.7523020566147667,0.6143402663323655,0.6057716986082352,0.5271095682216375,0.7891913831063238,0.15957338560376413,0.21206152958960467,0.4337419368627474
0.6700119921838539,0.580446861419115,0.6115948057800954,0.5633144877924326,0.7493957161593671,0.1836235861412118,0.5491124057691507,0.4657837623025606
0.7935420198761853,0.4799878130256363,0.5129135360950291,0.5136005506548452,0.657599234085012,0.14897161785593355,0.500502861749767,0.43232314997420856
0.7567723982294972,0.6334391686511341,0.4958198423012642,0.36159497791442297,0.6073638132266579,0.11787065384092653,0.3557100341468089,0.6891958318376528
0.9879105281107994,0.211641260857968,0.32531744361923587,0.5056629755763947,0.23614882222050262,0.4387569552037685,0.6513184341196945,0.20777314533117563
0.7142211373096679,0.5237238901672322,0.6421280225508835,0.653049123746016,0.7727510019234471,0.3539720161156054,0.3366569911938856,0.6447064608898785
0.21049981406265245,0.9890135334795487,0.7788645154253532,0.46149055614873136,0.9593715282413373,0.0953357382833873,0.01159906228906811,0.8560172958445434
0.9718978303466395,0.14314708697046166,0.4277292258848565,0.7195875043677898,0.5604782225761935,0.4269054799268496,0.48189816392322976,0.10379701457608904
0.36028729610913995,0.8534345459030559,0.8638725148721705,0.6858265787619043,0.9019908298855936,0.15797038213970094,0.10872452069754927,0.703747376623439
0.9411726274393823,0.2885824473860785,0.2890909642892393,0.38042015582202093,0.554391969373549,0.5343367331026168,0.9508323183705492,0.2731730951369034
0.38762591023787124,0.9621954471811236,0.9944481169236613,0.7780066771639059,0.8692079738541152,0.02819484542818619,0.16906956304333176,0.726538836625136
0.48385798832513655,0.8254635441682225,0.9927177391682452,0.8853395332231794,0.854497855240758,0.13930310941454155,0.08604365177276231,0.704997582881539
0.9542170308245206,0.27781746178332123,0.4594634958712872,0.6236901596556913,0.3273293509653108,0.9944475778854104,0.8401858762901944,0.12336040007491371
0.7589180165932048,0.6352646455630581,0.6937882368978415,0.6302466044831289,0.6522213706039731,0.2988842295126047,0.3872628429279782,0.5810892736439626
0.4283859144674009,0.8956774170717312,0.9356103863007416,0.7503852775690175,0.995066340458969,0.0963700732206026,0.05942817886985109,0.9079011655279032
0.5051586051776216,0.9869317101771562,0.9310505865678481,0.6712892136133987,0.8912652994871397,0.018256022923077618,0.10814168406123596,0.8159070227702695
0.9469736813034926,0.08106916840631537,0.3462554516415982,0.6810484183850362,0.3642355784998855,0.5794760543656675,0.8271776722195061,0.2626079278736012
0.6757776265625823,0.6381978212288374,0.6875408706121956,0.6192572674129427,0.6963905306870748,0.1822207782710492,0.2593299047962492,0.44072463346930546
0.911484942817359,0.19442097685331564,0.21466147494406151,0.3722452517331275,0.4537280156667832,0.38686431823542383,0.699975565060276,0.07659781141407564
0.7372530470743512,0.5290555394065641,0.6819595881610848,0.7031525939200026,0.6072117633301765,0.3626659758000083,0.33071182766438145,0.6200658488242085
0.6000062207924524,0.5225961456631525,0.7190428643639525,0.7595775301049507,0.720466862188543,0.23420125742372475,0.35041743650662677,0.6952032115896156
0.32928357986515533,0.9107443628788476,0.8022396467183529,0.5555236379031131,0.9576887085148189,0.06688748693618024,0.31614524865560684,0.8193676193875236
0.9622608214078785,0.10062509174962844,0.32818218468462035,0.6322065677572336,0.32694057535812426,0.36880111074679556,0.8397852049930998,0.28703585584904145
0.9360854845676294,0.055993198813577366,0.38228567016213877,0.7628737357864362,0.31558659872725325,0.46134397025239493,0.5254031721658224,0.2910183352245163
0.5809277941777027,0.5106447692645656,0.6733009513647007,0.7069946981298175,0.7489303091341654,0.18294431144898357,0.6695663736013432,0.5777110572721819
0.4364843147718193,0.9900002828664849,0.9875241771988098,0.7463410635121154,0.9443266952921658,0.08256732623763331,0.15687333648766566,0.8487111867951966
0.9860567520536521,0.21775927659239033,0.451213629470654,0.6720313363995075,0.5371438766018352,0.7370906918600596,0.9374756518701854,0.1601623705263892
0.9545560654531069,0.2578787312166031,0.3462825408422535,0.4880598754045379,0.0511395866353371,0.9562516707297932,0.7583073474795843,0.2687990734223503
0.9878981332018888,0.34861009507970364,0.38522136940009377,0.4555550593136283,0.07547787582445345,0.43463370105214794,0.4897459188324555,0.16362190071479288
0.9560657832795152,0.29077941834161736,0.40362906067627635,0.5347240405290078,0.4709869560600872,0.3642043147870462,0.5627468330010721,0.16803049529052982
0.832983030383496,0.5471630909254918,0.5125876728492981,0.45598897017461193,0.7150367003579319,0.17734464224814564,0.587242639928242,0.6426322510490126
0.5737529366997118,0.5591766450597417,0.6523979091570452,0.6370753101197791,0.6711711606512495,0.2141283585834742,0.24671500589665868,0.6740949554175009
0.9538505126523109,0.3191725768737643,0.3919078187198969,0.4918887893776219,0.45852889150169174,0.7537080985428768,0.6915998586401699,0.24933670849790196
0.35137520402809347,0.9601347083652756,0.9024645934438559,0.6534181658980854,0.9211966999498729,0.0433531794073844,0.10849808237342175,0.8292159614069842
0.44720427036622207,0.846951672634398,0.8380695307770215,0.6556498248118342,0.9949916737618214,0.022983665164457087,0.2575586969848914,0.707332987124871
0.765634200811425,0.5068459736563873,0.7090544549821932,0.7593443784969965,0.7014438814330406,0.3339559046140114,0.4676049762167043,0.4323603965212289
0.5187280058021129,0.7428645320138642,0.9710348229328004,0.9225678390098401,0.9731107071193836,0.044853102448649054,0.1360747374947605,0.5890340316882717
0.37705824632939827,0.8686305720221448,0.9394137233901919,0.777311329006429,0.9588266216943797,0.04971248742222964,0.24814112327039134,0.7371387760992855
0.9514186673248703,0.348932587850312,0.3331845957801186,0.3843486640277325,0.025352539196603824,0.5484132272005622,0.8322331608463759,0.06470194593877855
0.6172699507168102,0.677094903643743,0.6768194825720614,0.572529959831117,0.7027501593667042,0.1580103545525813,0.28794410013010124,0.41349074366944344
0.5981813419210855,0.6223765898069455,0.4943188416489078,0.3686333931419338,0.7709299830303474,0.2907071285224648,0.6195726984881426,0.6485982285854514
0.7885722074170671,0.5389739165322595,0.7213478749952925,0.7487906083563484,0.7930130872278828,0.35678900692091603,0.44453767389250415,0.49590280280004573
0.9341754509850921,0.1826347833259435,0.43488077968271777,0.6862435963370744,0.5330977997652172,0.6497782270712005,0.9869709707166359,0.12063892333217242
0.9445338790117672,0.32256794320396565,0.36284307723896825,0.4490259872436514,0.0,0.6126538006900695,0.8868366330806782,0.07067157582196194
0.7665878298828184,0.5720202430025377,0.722815337356325,0.7228581989836097,0.5937973509241207,0.37976843502615537,0.45405871603997366,0.6498256753545937
0.6645112083980551,0.6726899320994951,0.7050161819762993,0.614757661986664,0.7014460964787609,0.3603746968902255,0.39769702795261835,0.5278421822198002
0.5741012709443309,0.4609812559378219,0.6438845457789272,0.7095320962434256,0.7882927386956612,0.1595681866987389,0.6506513156260155,0.40173563954921965
0.0726413870320422,0.7473052021759877,0.8083878311648022,0.6954870089116364,0.8810737915764395,0.01740794306262376,0.007674949056753325,0.7816062722756628
0.2950162647400989,0.9621886043944479,0.8294567464991923,0.5518142787965848,0.8329983262525011,0.10075506534741757,0.2185167603997768,0.6064297842549594
0.5780108484811177,0.96141797256612,0.9770076610004422,0.7546755610019545,0.9818397411688586,0.03161742352407726,0.2810578771559897,0.774206005526689
0.9573497394313555,0.2234121027246457,0.38834325624810206,0.5800048997122432,0.07523116572652797,0.46597081420517306,0.7820645674764921,0.27529246051935363
0.972219214359227,0.23404290535020547,0.24323800230523496,0.37094412535182375,0.39023083737846287,0.509982008732031,0.9662649580114953,0.05175361592859269
0.5757745060668635,0.9080887355806577,0.945053305562333,0.7534100548820774,0.9501499315483373,0.0025465897658380207,0.2025048547467424,0.9254247405685532
0.9979301223838231,0.20514772268978956,0.14541664470611815,0.2671223304169875,0.5272055940647191,0.9205415676260799,0.9904725297861521,0.13339604053805593
0.36597098008361945,0.9527804324309632,0.8737775972394074,0.6199601316619249,0.8681300026548626,0.044767466751997366,0.13314834492449368,0.6054006832711357
0.7837419135721433,0.641923198474644,0.7038125669709642,0.6384754294158516,0.6807428448596787,0.15935551649778334,0.4996354065407182,0.44770308894902466
0.5716670706885194,0.5474086459117451,0.6334384105724021,0.6210272854990414,0.7798460126467083,0.23879529031619756,0.6127633710299226,0.6750358266219767
0.5810180436251458,0.9822952083413872,0.9230683167494925,0.6640307950744609,0.9445005455569775,0.03665405791967337,0.031173626244015804,0.7138573871467369
0.9105531669081595,0.2571707924025808,0.27487441553870195,0.39126657223511807,0.12445571666904157,0.5065611073834446,0.5209689545341808,0.19546789800560033
0.776649303703991,0.6346900536145316,0.5432261348100113,0.4249778995506718,0.7280114250999734,0.08718606345476172,0.41072909009799796,0.5226279170790508
0.4619048462311693,0.7408869839312359,0.928552038468513,0.8657682406519013,0.930672769050608,0.12174449618903681,0.15409269187600166,0.8119925770208896
0.299317098886806,0.9877117451826838,0.9711174518628546,0.7256400212074771,0.9059327979440968,0.002828664825370096,0.10205451264760644,0.9533368900985936
0.48891512970054357,0.9368773932610466,0.8872914848431227,0.6511517655865727,0.8336679245142864,0.07183224069474922,0.031999294804745615,0.7982031056099025
0.13347418971153113,0.9334600057081444,0.8556227460923763,0.61048167037817,0.9402507958961468,0.1279455321916613,0.2884473963363358,0.6191007667356961
0.9505546056885719,0.3522855352693167,0.4254088151319221,0.5070929611805249,0.4528328267646802,0.35854976301731645,0.5002284279632869,0.15607015166004728
0.9621209664019716,0.33492128753583805,0.45444036927295606,0.5628039686089373,0.4472215790472115,0.7727840966793078,0.8614370119701352,0.1546862459436511
0.8921896496269368,0.32512637485123497,0.390747781894487,0.48475633082014336,0.2794076901602226,0.46004512391740776,0.5999763307560032,0.2665327679032287
0.9718783135760076,0.12006310997294614,0.4487733696878554,0.7749436863253173,0.4917539238341889,0.5718367179818188,0.5399544250795525,0.2739956531899826
0.3885233371890709,0.9919873455702384,0.8885307170868441,0.6089981200412927,0.8893285460730966,0.1263275146488917,0.25290505642553784,0.7493056686596477
0.5854667434030565,0.7955742057882249,0.9830759983626983,0.8962644659089193,0.9701439951033621,0.025233847393800444,0.13262309389178745,0.5846368640039107
0.5450769915023554,0.8721332985104242,0.9557793532286479,0.7969780236710272,0.9530041851180027,0.15286896393886748,0.09281849934284613,0.613520232500141
0.9917873952581509,0.05656992638379102,0.19671620435482218,0.5069729675914502,0.4114479990895462,0.9272784741096451,0.7523255933262065,0.09805587962443164
0.3781900921918831,0.894379961655682,0.8261807247265033,0.6013503304022257,0.8663886833402135,0.07238657312468356,0.22386953089417472,0.5871851560761302
0.618471758154725,0.4906704529866853,0.6652024226493628,0.7130483666261181,0.7852042320339608,0.09607872458949204,0.531359037559558,0.6982622374313554
0.7514474465942802,0.5757735087383907,0.6852099928965897,0.6680983966560502,0.7677206084189664,0.37042256571849497,0.2159601878581105,0.6394964422535707
0.4550069721497409,0.9442431761311685,0.8147113160505847,0.5459109994629302,0.8823787236845797,0.021118319101088745,0.14338734097433542,0.8235422161669598
0.5778070339751546,0.9226113335370203,0.9900943677403814,0.8036510859865794,0.8618644271123759,0.11070709659649197,0.15148264061595418,0.9733373222842051
0.9847400516298228,0.34590387014089286,0.3471334651082597,0.40609885283966285,0.4753932274614878,0.7324533332436406,0.6327193893331161,0.2643237963624624
0.8357993529042536,0.5815429905209496,0.6452646519034032,0.6084986457012557,0.6214702613132824,0.3180952698396717,0.6401012289388145,0.45743286158658514
0.43987627997604534,0.9418077109687273,0.7486365910965546,0.45764804405008863,0.8792004290135444,0.022234426213159676,0.11565225808621964,0.6816514332315704
0.9834292762195747,0.13776737215650617,0.24276384057126055,0.4717988233021856,0.5533932153595188,0.44814388298048313,0.7472509396411482,0.02831576184424693
0.7532867216110053,0.6357117372821058,0.6575439339996717,0.58023020937218,0.7970276068520521,0.3984946625379984,0.6120961166648995,0.6647365558941254
0.9893763898051433,0.29770633188340845,0.3477273373413051,0.45171086711908137,0.33597409829336544,0.6040295025870933,0.6720336191392916,0.1104334265845522
0.9785423788710794,0.09688216390965812,0.37731863239430996,0.7042664364119412,0.5640103974001586,0.8014639645538105,0.9450575596140904,0.2624751556658478
0.755433323686358,0.6315506741337414,0.6075339856783545,0.515272155061587,0.7712819357822337,0.33083597523572483,0.24536208062673637,0.468561445929646
0.34849763985001997,0.972236077780747,0.7461077155225236,0.4301350610728053,0.9411992771304944,0.14135467054847184,0.22070277192315757,0.5827318116194827
0.5555603049085931,0.9146394850095516,0.8532830573020064,0.6222894185046585,0.9447952751148163,0.016374656426331548,0.006505182027156012,0.7196582161920696
0.5776521012044671,0.8269062214973701,0.9657939555992908,0.8471627565125085,0.9799544073880584,0.16319476502563132,0.2540907073779304,0.9176886260523289
0.9937660192648852,0.08572096949633898,0.36882503661481236,0.7062842577204268,0.1714785075236013,0.6613267971239467,0.4865259467798024,0.2715548256899095
0.5514092480777575,0.798325541118903,0.9331215718208633,0.8253667722490402,0.8046312076503159,0.16650187414665488,0.312068293716229,0.7521733464658612
0.7699618904856742,0.5351795693952046,0.5899516017637633,0.5718192696303833,0.6683696819926938,0.3000926961156817,0.6740012423396567,0.560409603058378
0.9419622804529064,0.3317715796098889,0.44960698119076403,0.559105272802371,0.4425275250273928,0.837064456460202,0.9204281347435201,0.27953562387039926
0.6385036768753396,0.553191747540184,0.5011896701019681,0.4353915921157735,0.6811698841535585,0.21731429376324127,0.6494461710610182,0.5396550879551746
0.7152550965060755,0.669071206858678,0.7264713323323634,0.6471383606697673,0.7516047918041809,0.16598643513742575,0.4032360222291196,0.7319383882372223
0.8349909031934066,0.6743284825969873,0.689297085249477,0.591881686616002,0.5760258337521115,0.2673465205808851,0.5164625056707752,0.6624823717963545
0.5838899217764049,0.8614868125738737,0.9663660347265212,0.8200827090560766,0.976103292721294,0.09836444948233203,0.2430909458763788,0.8198142939021359
0.9155428136753487,0.15637810738089972,0.41558935467539115,0.6881795613901821,0.263294191581242,0.805117142768213,0.6559257454197098,0.18166001761817924
0.739124354583945,0.5621692529729245,0.7204606957438698,0.7279290324586004,0.7983643259395558,0.28501816338009817,0.2092919550091068,0.5701429532934889
0.5997132089788142,0.638886295627086,0.65812900563708,0.5784065252630727,0.6920745156087615,0.38778088549454476,0.30676518105866124,0.4141569393445808
0.9553113600250362,0.30754083617928196,0.421135229245985,0.5427872911260633,0.5732144692078699,0.8874145063621983,0.8463742741213361,0.17300255246148438
0.2862391005584434,0.8722598546428069,0.8556057756507639,0.6593785233801596,0.8922563074438705,0.07774494183531841,0.06481690381485532,0.6312496700275271
0.5542116642242949,0.9172685413761112,0.9074526925898861,0.6944576227057283,0.8726472315365195,0.09431545933574394,0.04846177366747226,0.9114534549723684
0.5246398339735978,0.7982936654165818,0.7826386975369396,0.6188658613652468,0.9804292679931248,0.03744459552065393,0.09564672960449623,0.6164330363685541
0.5357615153935931,0.9451757892379835,0.8743847109088231,0.62684818860201,0.9808131516901659,0.03299981194249278,0.0702510398034938,0.7510801964825069
0.9156354443883166,0.12942941926222498,0.23101403584743563,0.46515168715874966,0.5692754086871749,0.6738928936152745,0.7938997960148058,0.02111329213558308
0.5787722678066345,0.6560580312963059,0.6756894735714919,0.5882777361164729,0.72615504254295,0.16562682752695299,0.2553753274377318,0.5327511399762865
0.9151610666097165,0.24263015947358033,0.24044103390256166,0.3586343489919316,0.46492388642743243,0.4345078447871096,0.8082080160107356,0.11025920768954996
0.8272691036195163,0.6861899041646583,0.554946246010713,0.3988184991363968,0.7043558639193817,0.3401327747505867,0.2958109181893478,0.4859189996543295
0.9555261969683999,0.27544687253658007,0.4122626759806217,0.5612781566872517,0.4426269068604942,0.53858960703726,0.879097092353434,0.27711091653014164
0.9636918590514887,0.36126372057530853,0.4446710972276916,0.5252428726117834,0.26024300258999644,0.5915896015665256,0.5375776736853654,0.0773538644000809
0.7781778102172832,0.6277136857070618,0.4999544644247004,0.3718979478600707,0.6250825261476775,0.38812701656914494,0.271207845547783,0.6406920943174225
0.7846498178234707,0.6863221200397707,0.555343126277222,0.3992503609327316,0.603587304948113,0.26358162912531363,0.3399707327941363,0.42163105076839114
0.8084476946704131,0.6228021995876291,0.5906719141770943,0.49947103682268323,0.5754288513433748,0.16997474152335196,0.3761362194133685,0.5806767358295817
0.6865099383752882,0.679942460585432,0.6140196062657751,0.4843677426508871,0.7388931938068685,0.18879627771058272,0.4050324765787179,0.4692113704346593
0.9807396413741147,0.29792640976754226,0.3435822749741656,0.4458441905585534,0.40631151805635624,0.9177558687182964,0.8497428502965675,0.2023057254836415
0.898321635463406,0.3101555663859946,0.4582104809967179,0.5911084339501339,0.3360569380408155,0.8391059098396694,0.8641244389068196,0.12401568770071116
0.8311563011162606,0.6059762775524671,0.6851140524290179,0.6426910016867801,0.694840532811913,0.3460539418627925,0.21731562649337843,0.714185139338504
0.9110102498832533,0.31143582068869824,0.1382942366469092,0.15562812627331823,0.1941593086942703,0.7304080040037838,0.8881018964388949,0.26096129941541074
0.9938286872173427,0.22867529843813553,0.3449632984929628,0.5152499557015139,0.02411979075872492,0.5610303093772604,0.920837486291365,0.02497014860573557
0.7149507752673698,0.6212192164894125,0.6890033276177564,0.6353378096017649,0.7560684402379714,0.08685747081514432,0.37974394385406446,0.7160814752977711
0.7706247843169813,0.6780069255283013,0.5953322060404224,0.4604608933579367,0.7639050514232972,0.09493595940326736,0.24393357945769079,0.6478000887051032
0.9648788006011477,0.24293808255214636,0.2135679132327687,0.32180318868050295,0.37217265917625064,0.36061978172453807,0.7553359454169797,0.051104638799392754
0.9081923639914125,0.0348969375108322,0.0852047367651354,0.38304257290869925,0.393354278379468,0.9939910921874304,0.5546356264765678,0.23119041539829255
0.9996425444403463,0.18028279624162544,0.41247646143940375,0.6579808775496717,0.32132001987946834,0.4236974058393998,0.5391140134924544,0.08050857979493013
0.7671007824769631,0.4733527539917066,0.48754863498975454,0.4846707693689484,0.7672802503834982,0.11995069021481825,0.33501042960308597,0.5451971948173301
0.7779815600837736,0.6162782318356178,0.7241630379278495,0.6876642212713359,0.6774568925284622,0.3415752816787037,0.5270030833072372,0.49278428333499813
0.5225756834738171,0.7600757984062009,0.7916502517598684,0.6621506180066635,0.9608009615206818,0.10555393495468608,0.051306825831761174,0.874523243306925
0.6522919908580513,0.6133263760002178,0.6350520541039218,0.5679989726647218,0.6719777708622217,0.27750891742853695,0.2704317148811712,0.5477438287266457
0.7469368369567615,0.628958308980776,0.6495795287886225,0.5749170021911761,0.6758624144826676,0.33163741434100186,0.23873921633198186,0.6715934491518198
0.6729981960291496,0.4694756984833893,0.6833524617049623,0.7563289340241669,0.7694835445709517,0.37695114963135484,0.23659724941256627,0.6782767568856317
0.994993323064467,0.19273758508524516,0.250338541175518,0.4226779149982104,0.4182644091848744,0.6569622868568394,0.76360740258215,0.24123847819116356
0.9262335624045035,0.35374103857382877,0.39248544320462064,0.4607834702077914,0.28098847437736374,0.7225824039952088,0.8083327559111747,0.0
0.5448726355769311,0.9327132336046102,0.9766726941655589,0.7771345612021762,0.8343887137137047,0.03044894327536611,0.10769060410338464,0.7761479508656531
0.541503591255412,0.8478493260797502,0.9886463863754004,0.8616837014996385,0.9983257751834238,0.02686812630299011,0.05908687168163855,0.9833499717875255
0.4920001053253206,0.7548406066760346,0.7372796170520336,0.5918959390852808,0.8183879898269755,0.1374103209149278,0.3299096876333688,0.9854865543627839
0.4080899868598757,0.9367481307197987,0.9479273998630399,0.7344392398340868,0.9328698938875091,0.0003031476191505884,0.22286967042121386,0.8952986983220416
0.17526569231103994,0.9899624894695602,0.9765812833168747,0.7313484529880431,0.9069535695625461,0.01750308416199278,0.22703116232354936,0.7271542169815554
0.4380336880467632,0.9971036528839312,0.988804945245691,0.7424461493659898,0.9670557466082841,0.05618231913755681,0.15470436930245024,0.8045267679810155
0.9654171277939818,0.344348659939987,0.4350630785407953,0.5275773738781028,0.40665335587430396,0.996040215073734,0.7237441068428839,0.21031047053476598
0.9796310118438147,0.30414721687501245,0.04403391404093204,0.037712960922339334,0.29032975033507347,0.540026894272082,0.9722659057713792,0.3082831305691621
0.5492688752323929,0.9758940255014923,0.9558363883862174,0.7140759849929234,0.9811854974407446,0.1583424988271254,0.11018833403780158,0.6790688007647562
0.7984570627524521,0.6155933355562279,0.5004689938657106,0.38256001148153784,0.7974303504527959,0.17278708415367725,0.48833276497569794,0.6863052277478553
0.9961480867473937,0.26835456888006093,0.41051444523381864,0.5657623262274564,0.06898860544032356,0.8454668558860458,0.5955737675378598,0.3095134276857963
0.0,0.9758415528036508,0.9838088925407321,0.7525162272081874,0.9864168304757934,0.03519522589383832,0.043545670784726584,0.6100457187141339
0.766917768253218,0.6425815366047866,0.6770746642101865,0.6012943552838564,0.7855963291273437,0.1401293924713206,0.2869282880141132,0.46559115206037394
0.5694519491137899,0.7718870803982038,0.8093253811669424,0.6768097362385869,0.886979248357,0.04391482180874734,0.29692521970786373,0.930294540776401
0.468879818183854,0.8046840149815568,0.776811417791268,0.6057284448730426,0.9099095134738229,0.1515041810748291,0.27067178405658665,0.7251898882671146
0.21157405639533294,0.8757449727338513,0.7577873866021038,0.5226845960067558,0.9548808531833817,0.1673294367186874,0.18024759957574576,0.9463515795282657
0.5303064995161957,0.8834147309472973,0.9327488625384502,0.7562883442698175,0.8146406272974782,0.08713440165792768,0.1472874470307155,0.8655750387895209
0.9339714042748717,0.3230082250483082,0.45573794320501115,0.5756614936538839,0.5312300880297616,0.701058639284501,0.9867035677710816,0.02445564490467239
0.990040778192808,0.10092451801685584,0.4368392899730501,0.7812260721300667,0.527676172634442,0.901402859952467,0.4870543728913949,0.03578227735800166
0.2048215840129896,0.9215569578618394,0.9663654592008809,0.7718991004326511,0.9146001818159664,0.10384038603194987,0.22041445120125358,0.6814957744394519
0.5602656210578141,0.7172896861799358,0.7956157116431456,0.7024360318671573,1.0,0.17432547294462272,0.14986489731523683,0.7372666991378446
0.9367887466484894,0.27677075294196685,0.44838833901342656,0.6095131600742126,0.5606292011057229,0.3786034359318338,0.6759188730330122,0.24432879166829008
0.8273699232751863,0.5075977105610224,0.6044968985393587,0.6152362167424253,0.7296529319000159,0.14816424218974736,0.5860057949158004,0.6226204649749117
0.4811844620005254,0.9774252671242707,0.9421411961753264,0.6940652486768731,0.8401314726649782,0.10821464931654041,0.2134913555786112,0.9427603487438053
0.911942554214183,0.3208066600911117,0.41772425645217626,0.5256700615155504,0.3688065165697534,0.565291258420373,0.7894304982504873,0.26424386275513234
0.4252417305119575,0.7732995591362162,0.9085776699805294,0.8119324525360149,0.9367183247860558,0.003717239327766188,0.20606440438317575,0.7299029742528955
0.6993440481883799,0.640489653494316,0.701307627928366,0.6362277710026406,0.7116338863935362,0.1502079719744084,0.3018583065501068,0.3867587899114302
0.9955331582787657,0.12420795412658356,0.2989919516064986,0.5643375192786372,0.5113021278854798,0.5745398277133543,0.8258643553823655,0.2308821634989992
0.9270109013053034,0.31929834305509563,0.3141107818077036,0.38564426633374194,0.5685581937932909,0.49312304873367746,0.9251645531443984,0.03151484605633183
0.8195559555989986,0.455847290078789,0.5820166736384161,0.6291358106048878,0.6325205555658947,0.2602800778836579,0.21965338402068146,0.5668297586403028
0.9449236992778287,0.20534030516990456,0.11947062489720495,0.23183472241954928,0.5736103598217422,0.6226841405035537,0.9797067137175832,0.07117642001720385
0.987610189161265,0.1418535808535409,0.354649966527841,0.6206454912417462,0.4230073743185633,0.5876980459880403,0.8199052087558473,0.2540869628457013
0.7438187549318203,0.6111368062020326,0.7198823909546958,0.6860735100898013,0.7747215437742057,0.11000904240228573,0.30037691882797024,0.5092434544992083
0.7598678202228835,0.6226820861907916,0.6925798200264625,0.6390252394952586,0.5921985180018902,0.25465114256903765,0.31508490445005777,0.48018169220578144
0.6981680641983548,0.4749677156903708,0.6848575772582955,0.7536242388967899,0.7787195245560636,0.23799670258112518,0.4382264703911009,0.3823104993000685
0.6128879135725567,0.45751840720867076,0.7257972632646191,0.8250776794343156,0.7719309244176896,0.20822959315438297,0.4960057016869012,0.4964985295460266
0.43804716446276754,0.9104626699957996,0.9635903488650847,0.7769665371206861,0.9699317072443125,0.15565132378280114,0.1658558887834966,0.7460782056314178
0.809612462215183,0.44981027667194007,0.6856372732400978,0.7766403563321967,0.6772813120886663,0.17516778464001925,0.4027956460002262,0.6470213359697564
0.40020747384317795,0.8823803199615017,0.7528871930337225,0.5106947646932248,0.9212340325740551,0.10568545957061597,0.2531747036701489,0.6560339346576718
0.9265338860269372,0.3236683971164036,0.4037643064578117,0.5039061537322654,0.4915949114110285,0.4586199250678478,0.955631634570399,0.23515118283308567
0.4507640506881862,0.9666490349099446,0.8069895318799539,0.5175683962687904,0.9851629403176201,0.1300553631077194,0.20600797607317933,0.7389066942938137
0.61791163518471,0.5877743280206653,0.7198340742459591,0.7055328336603494,0.6946339613664949,0.3786648215483692,0.47763103590922146,0.6379048856324105
0.550077962341303,0.9311363641810864,0.7652769023263138,0.48880275070170154,0.8091012004793272,0.028777441144489123,0.18197184869795735,0.6241747672214226
0.6303584021095205,0.635630913439702,0.7102722198311117,0.6525402629717235,0.6720478421503868,0.2942505726632285,0.44954428159044973,0.7492532420976333
0.9142725096804609,0.2020544667519937,0.0,0.07512078497067776,0.563384857994338,0.42549353785634203,0.7906906895773206,0.1446120557610851
0.2729033543522482,0.7660481290087677,0.9789893625921883,0.9146181089146587,0.8002954847707235,0.05696387493445069,0.17022287702875,0.9902387629841477
0.2697388672772611,0.8924177019194337,0.9299208755816676,0.7451859477028943,0.9656185855175001,0.028651570318617366,0.16225655048253707,0.760736318819285
0.9367208263690354,0.30686691793702636,0.1195344267726749,0.13480020482421107,0.3975280584924742,0.5036771136914692,0.8654117818311449,0.1314860748789427
0.5831106885924406,0.5324139690422824,0.5486422545167454,0.5176582964846242,0.6701378692337697,0.26811053747496677,0.40648559460175526,0.5874354698376176
0.5964175390576307,0.5836519917518029,0.6957189079605813,0.675900227456481,0.7458851844355446,0.21737374240067503,0.4573313918569479,0.4933680259866996
0.952967092177039,0.12589040327789666,0.28191937679198253,0.5389765228362279,0.05303172543052745,0.37899137524889626,0.7776014226804512,0.25206095752310764
0.7350444188019041,0.5780846721437314,0.5968216009235382,0.545080755550449,0.7872942717466078,0.35163016889007354,0.3899381169565493,0.6636266636026469
0.9467824353995749,0.19901588272080042,0.3379262587628594,0.5359694257560564,0.4286725538658803,0.5297772916829799,0.8021211543308989,0.15925264319705817
0.5550032285469475,0.9554626697158421,0.9648488446558278,0.7427315538450628,0.8546876639248475,0.16968250047581737,0.2780176626979177,0.6569325542580247
0.5863847737557406,0.5301176546672862,0.5234872818909205,0.48524230167174387,0.724404561275126,0.37923468515501746,0.5151120417370458,0.4945354706865859
0.4804680191270873,0.9278293001867732,0.9448713791245097,0.7373696772635375,0.989585815261198,0.16951194140008277,0.049460493709037295,0.7654198947774089
0.5077991581882961,0.7836856419364414,0.7820092971829572,0.6298057582803026,0.9963881780279535,0.1767987074627221,0.15961237390619237,0.8090496754931772
0.9110016778494132,0.10890472797404241,0.2068383046772848,0.4558281063424937,0.5712608008681936,0.5924179099064917,0.7332914988207135,0.09031491320514369
0.9216613138360463,0.19950933771144244,0.3355935185061748,0.5322601223061169,0.03344199662728237,0.6674162158967181,0.8143563667097152,0.27882802081177444
0.5679563976563469,0.5291614362611926,0.5320472393414629,0.49774037312381314,0.7284639525399508,0.08434968937506288,0.4006662996916666,0.5444160353843681
0.4243069472309841,0.776169575246669,0.8352376313165658,0.7088889560411086,0.8582150764085625,0.10697153686275715,0.3082821080611458,0.7421535920907544
0.1952836158332601,0.8095878799673555,0.9131401636517021,0.7888010566896945,0.9113124761888829,0.044633933791722424,0.3373266284776986,0.5860036304804809
0.4371497120180076,0.7004148257879919,0.9163125074146202,0.88206628550189,0.9051927009043232,0.036061641758576894,0.13503420382679449,0.7794279944064354
0.9173063322352126,0.3060754312009595,0.22945699533196473,0.28306399901012036,0.16651234243939103,0.9113609666855734,0.9974808763573553,0.06376089295672134
0.8938151433434474,0.11063954685250524,0.3490627070734055,0.6489451244633871,0.3898539562400627,0.37911026265967446,0.8471051099897435,0.10646204877927647
0.6948833767643052,0.6020963668008062,0.726836465950507,0.7031586811916569,0.7703124230957726,0.0742975923923856,0.24078259606718927,0.5826283404585092
0.6117112783988676,0.46094641744891396,0.7143159583235913,0.8063027200023846,0.7337468007580212,0.3089898082040852,0.5097371514871408,0.6967453623002354
0.584214889956546,0.8897314101359468,0.9152655440561762,0.727220093858855,0.9834595921132154,0.0855075969922316,0.28344186024594603,0.675830496946178
0.5443570261674233,0.9723639707593204,0.8934776653600437,0.6313684819971065,0.8963211185331525,0.10326249526301502,0.11274489684314344,0.8213753142733623
0.9408014985816364,0.2775265748874778,0.1980861079597257,0.267451317535672,0.5622384542995787,0.6594176269871993,0.9213526300047841,0.25357994143950324
0.9980613291359053,0.3024052220752145,0.41233424942786157,0.5355908799642403,0.522449565806179,0.6936304299713734,0.8818614628186691,0.06128960333706396
0.9684583487604799,0.34770991570811993,0.37713354544050304,0.4453421023178906,0.5181629909542597,0.969127507164463,0.4913049191885481,0.21488321964055068
0.7233578159789775,0.5677141909068818,0.5641497574927344,0.509106648824797,0.7388353509607483,0.1371759118139171,0.46937858191073306,0.48075277500039426
0.8246770150798479,0.5418442525944861,0.680180273365318,0.6898402578073876,0.7186425274071079,0.12173741291901799,0.38996396290750324,0.45296049791822557
0.77257394895656,0.5263676055728194,0.643582771006462,0.6527916501453169,0.6924394663174933,0.0747950567193887,0.2657727919831863,0.6331427770888776
0.9308801277823708,0.17395862104359053,0.26141694345825073,0.4576505333084747,0.5357970830958274,0.9947650441456898,0.6537917649849164,0.21428727192852715
0.9518507125044124,0.3154033804268861,0.4450507474803721,0.5681409376650334,0.39557804084201764,0.9157145621767474,0.6721088464115441,0.18144598384101907
0.5222966937991818,0.716566289163317,0.9446473142494519,0.9077809996057963,0.9866043035096241,0.16998458363726837,0.2177554436318438,0.8518175552174282
0.8092123517856245,0.4548152691071765,0.6311786102022673,0.697474894839175,0.6912881191098434,0.2308870034414215,0.2983322936070094,0.583831063698911
0.9092716112303936,0.3159180191815595,0.4589501224541076,0.5867014838369039,0.44314279676012935,0.6409024541964188,0.5218739542933744,0.1225871739117232
0.9255371417023575,0.34097902623661613,0.4184070121467077,0.5078969119233191,0.5240514740656855,0.4912278433967088,0.8210912262613926,0.2614375531253301
0.7566487783539242,0.6455722107852608,0.5648299077449533,0.4454551976728075,0.7529902650127448,0.12822599136794707,0.6636754460969204,0.5780365445891481
0.4422665575501306,0.8506857541897235,0.8667932439721332,0.6920426291458447,0.9716240865957171,0.08800853827854029,0.038929435652337516,0.8249111671151624
0.998438634196056,0.2364219460786293,0.17547992582807115,0.276567844565199,0.37866275945814243,0.9284120001971371,0.8907217319869221,0.0739444456209316
0.9814831241350026,0.1468902275033743,0.24679223887755875,0.46711778489509725,0.5725863828037496,0.6914442487081175,0.8284419777960919,0.3102107766327168
0.5122109302120221,0.9610538790677021,0.912248977356093,0.6661012845563469,0.9911478636889928,0.09196197464494446,0.0,0.766274336177959
0.8872599792695477,0.27866629910468654,0.3393207797785912,0.45838565930148756,0.37331366367898755,0.39708780340509375,0.7899631116551966,0.27721702855338226
0.954800538037619,0.0,0.41788196102706887,0.8918310246191815,0.33614998315851563,0.4104698114853125,0.6009831253803992,0.06100741956871937
0.9996417118717664,0.21560879508734052,0.2910381524128006,0.454718613654861,0.2678301926955984,0.478892286371971,0.5773646733527869,0.25531466945802894
0.5430382217744492,0.816925434770263,0.9366095938838176,0.8151159433986822,0.997448653450824,0.14881154443627514,0.22288468234591574,0.6383546826515298
0.6298008701674962,0.6748629664769843,0.6332852062146327,0.5148296493753085,0.7154082393626299,0.19411847951939754,0.3231561019070226,0.44197069989571003
0.5291167383991422,0.7151819861902636,0.9085693206706434,0.8593113266916091,0.9077152313550014,0.06991432013385117,0.2582607107760373,0.7346211578747416
0.5151037817484911,0.744374971109055,0.9412636130929254,0.8803984285136962,0.9822184262944573,0.09141263804816907,0.0423439153433145,0.6220122060872258
0.5128377298851259,0.9999999999999998,0.9414198776746209,0.6751208170823121,0.8955011805344846,0.16387596891995615,0.2780119215209538,0.5806640175953203
0.7305317964223803,0.6463057796908224,0.7193869551476236,0.6562036127684182,0.5907217271592059,0.3394694382220842,0.5114057288466284,0.42586407809376936
0.9099891627616559,0.2720026631493315,0.3358018876585763,0.4599990416739578,0.4212542619236338,0.7439964604747976,0.9402562705431843,0.13924786343212325
0.45663142078927116,0.7572068616236302,0.9986558495473429,0.9488626760467397,0.7992486909035342,0.04679374308253518,0.11924288917145577,0.6072845228939848
0.6524763913136715,0.4691072016362078,0.533829509215758,0.5516050203694901,0.716956355039766,0.13307248094477436,0.6453364964790798,0.43574806968170265
0.8916509275199029,0.11644207783529684,0.450965820858119,0.7821954898108406,0.5606124209324524,0.5045080285197044,0.7646890128513566,0.2694381075471688
0.5845111201336122,0.929070805945502,0.7338375990508678,0.44758187174487263,0.9984415295132998,0.052185518337653086,0.3350278117493724,0.955199470508958
0.5720422225096033,0.9565195561740312,0.9604544551262838,0.7358556862879967,0.8680648558959714,0.08317448603421124,0.0023618451474478053,0.6570257678713841
0.9471140463984511,0.33568658771174387,0.4076540152641618,0.498077155695248,0.36429889526090686,0.4667458434076329,0.9610113211930158,0.041957756776474314
0.3007902450153231,0.8735282126263169,0.9976612790332989,0.8534108779487152,0.9614993136147181,0.17684937085835276,0.09752680474069579,0.8117794106584064
0.9849799448402639,0.33963176365250825,0.3106121084793714,0.36214838353343504,0.23524674117142394,0.5020345017230131,0.9200679786472612,0.014460788338741148
0.8084188320569621,0.688122761685306,0.5528726362347501,0.39442995148510474,0.7824709650948479,0.35307450238974253,0.29292715601992064,0.3876016996395827
0.9810130428250143,0.12251011730784497,0.3675931326873886,0.6605033599062159,0.44966731478508026,0.39289759622591847,0.531001347130997,0.15396423540018034
0.7777716084719222,0.6285474058520908,0.5055329190025385,0.3787850874053752,0.7290031579702212,0.1177296919527579,0.5189130098692695,0.410905232887467
0.8053851687635565,0.6857902186649784,0.6041914010458004,0.46618528760496203,0.7548716299089757,0.39713264440498774,0.3519073880295401,0.5718875598935527
0.6752415415444826,0.6743228169475914,0.6820924182963403,0.582022346815002,0.7393779792171845,0.3769476955098384,0.2527640240867537,0.5445029741143302
0.9052253837679651,0.2832129463170745,0.38164108599367885,0.5118739551010157,0.18536329372629776,0.6662722416462505,0.7696511435965192,0.0029548038037721103
0.796606602474591,0.5138040567878569,0.6613611770719207,0.6879039030985065,0.5831123470190588,0.36076017919706566,0.5367747399555719,0.5235262139161317
0.22898489608599853,0.9099825300142508,0.8647260097726078,0.6416893508227576,0.8858946681316422,0.14120805204868103,0.29557854345295603,0.6144752794245609
0.9921440318168679,0.1570510681360541,0.29334615176878676,0.5196748767034393,0.41987841599759146,0.5094244435969454,0.4995223692219391,0.22761820898024432
0.48987097345759484,0.9859894793014907,0.9796776873928726,0.7387616682555008,0.9255370549482573,0.016893203496275364,0.22405323315792114,0.7806318782285988
0.6264674570952555,0.4708669589427902,0.720640803432162,0.8063487928867369,0.7813004732718424,0.3795249797560972,0.21213938688164036,0.5773793598908473
0.942447449907269,0.11691821381582565,0.025969361831086557,0.19989342445555602,0.05637003551786546,0.9053935787106088,0.7429736417866238,0.2259273806925789
0.674171873578205,0.6481830007032134,0.6293787064923536,0.5314063575431206,0.7713314181385913,0.06784417352899304,0.2771058287832246,0.4442277931578965
0.10372037127082961,0.901111268131781,0.978592219218357,0.8050663264567669,0.8257964517420815,0.04085880184697673,0.12363577805796687,0.7717188755930374
0.6982820789644228,0.6498039785321511,0.645694023153501,0.5523809037422066,0.5887157290757521,0.13447534534689648,0.3875949945993206,0.5436283604907132
0.4490826166325969,0.7024078557596144,0.8425778994720435,0.7790967817993383,0.9718765650665115,0.1058899867998424,0.3200650805603797,0.7690282682163975
0.05069760135387802,0.9168076356390689,0.8321356815717301,0.5915971146732283,0.9572623607530344,0.03649279281967277,0.10741005127522717,0.9381549204173033
0.908232321185642,0.15722363196885433,0.2970520671103928,0.5245646401859944,0.44616428867582114,0.4609732923274036,0.6929946730065176,0.10980949479058962
0.9826098175872329,0.2268343732277542,0.38342556749039247,0.5697968257775793,0.4781370729128037,0.6260202529075918,0.6228816198883844,0.22140014163252353
0.962721357101338,0.1504489969551661,0.4449965130710677,0.7351573344788437,0.007648980614275852,0.8506759833001474,0.8624457720022916,0.13075557322742176
0.8150601395518662,0.6279916404055176,0.5305701330656291,0.4132662941542077,0.6348859680865993,0.3347747121095391,0.460409412786327,0.7002080711207075
0.8357885960448523,0.5394056639361761,0.6101657066558953,0.5959167238014281,0.7829001023253648,0.13716678623740647,0.23716807280223778,0.5217858214215048
0.9042151243527021,0.01874159245026999,0.038841167955882994,0.34212500918568,0.1598639358998132,0.7180336507422296,0.9213186127227344,0.1223907799351358
0.43732777382557037,0.9676860103072642,0.9788547213977224,0.7522137503229179,0.9637011819597117,0.0018131955545553182,0.03082470461278901,0.9401894963951188
0.6662833693493855,0.5429980792646563,0.6751616653391007,0.6819757009667252,0.7613002971949288,0.09814147253260812,0.22121220052598833,0.7220232706534316
0.36444319950142806,0.8594403957168799,0.9377067912753206,0.7823543714645783,0.9258875524813179,0.12139109085811156,0.26281798935886125,0.6530139965650839
0.678303264444446,0.612601978552338,0.603261925582545,0.5251211987863841,0.7950081969216868,0.08604928757849198,0.36578474386687604,0.6151018866377539
0.2609803357835507,0.968560281570543,0.9544500745136818,0.7180152624892974,0.878345534847006,0.060166023014634834,0.08101440865551802,0.7654596737498638
0.98358981974515,0.34665715140768527,0.4176630590035787,0.5016596296947872,0.5438144969944045,0.8080660257080116,0.6904435181257338,0.11858529845207942
0.6621228088143032,0.47423940598773584,0.5341154176908572,0.5475550427650667,0.7820210312684416,0.32693161655261316,0.41704040707439394,0.7075098187119037
0.5873030281571296,0.5773879963643106,0.546224287917832,0.4765375253599674,0.7940903147998244,0.2591653847829968,0.42359387850581226,0.44305157573049136
0.6663292270369374,0.6511577314686415,0.6346638236110075,0.5361816778637537,0.72812433781063,0.10210071432932394,0.42779085348244456,0.5670369471936979
0.9476415474931921,0.2416038404040066,0.35215303369330686,0.51215083000947,0.18590346680349715,0.6369369288132769,0.5800444156649001,0.2997170811244257
0.7714620662499614,0.6624713898693724,0.6640261254789072,0.5670336759601903,0.7780002954150631,0.09737269598483597,0.4466922036220467,0.6892093867719052
0.4818967894147846,0.8162987791952578,0.944887064648762,0.8269968909453153,0.9738981901384429,0.15404485729129003,0.13490397954800204,0.6376446680535941
0.898522077749677,0.2775957185367075,0.21205927995995266,0.2862833267880537,0.3769844216607655,0.5784496738553104,0.7678076242032689,0.23534851813770286
0.9761925640380313,0.3399425320212911,0.36859979079592475,0.4408217225605525,0.4801931696141586,0.4550945997459127,0.5253049475681956,0.04284590152593058
0.10615656318907501,0.7617803863204987,0.9155231447651945,0.8308386681549983,0.9805126554856272,0.10810545596445771,0.2533934962059443,0.5983517171410064
0.9379639427348936,0.14452709783144188,0.4354159263510474,0.728603270106326,0.5404756669282177,0.4349489041836506,0.5144831027621608,0.19892083130454685
0.765285080349045,0.4861207224983176,0.709334035681524,0.7775839145573643,0.6291809082401848,0.14978962388104267,0.5946913716014476,0.5551582165509629
0.5688813474223935,0.9900028050902878,0.9213354622510591,0.6555265278644019,0.9895818127036096,0.14561072658789626,0.04001303462518378,0.5786905792039985
0.8375077676351517,0.658576453871898,0.6959711599559576,0.6139806739073294,0.6010711882122973,0.16247532186354424,0.2099799898049416,0.644172898076215
0.3546791574153489,0.9232410472053094,0.9767476301889016,0.7848120271097229,0.9704148367421974,0.019340427395310077,0.13165487153128647,0.8562878196907971
0.9433105999812146,0.20449648740850732,0.35265975955994155,0.5504720438551,0.4740067499402114,0.7716271591925921,0.8825258468852112,0.07473658252560979
0.5137273734605943,0.8025806548848868,0.8184690160045566,0.6645162980718128,0.8671560734761892,0.16243357991805518,0.046686001792930185,0.83463497253441
0.9056713588020981,0.2919562871260831,0.21620509911686636,0.2783311489275938,0.40978305937208037,0.9697817007263997,0.6473589928142408,0.19652843225781375
0.9124919917050069,0.36190459486480353,0.23888052074125987,0.24495666410112915,0.1747827468703068,0.8350535450808627,0.8500395715343888,0.16233218451492004
0.6868474708326346,0.6581637705151917,0.6486831161038383,0.549586429822548,0.6777609664341803,0.0966631577842379,0.2867426233537731,0.5533325163834598
0.6379376043030911,0.6669535593528138,0.6134842591827631,0.49426910731660756,0.7330143269092586,0.07952371195612461,0.27001336997635017,0.41296037944843783
0.9493434528042701,0.07871193775895804,0.45811902528381043,0.8378805868530913,0.5444656763700892,0.8979155149578705,0.754044737306676,0.14695465755321402
0.9759846727565398,0.15474638318463654,0.44278801529872236,0.7273566089182985,0.24620081688226889,0.9351647869441233,0.8203217027854519,0.20049123163387506
0.7354527800647199,0.5299124796269957,0.5033411431185496,0.45792830712823884,0.7680836114688038,0.08567333818885889,0.24114319313728755,0.6757372749803392
0.7162700768023829,0.680817329043631,0.7225929354901325,0.6321662561492715,0.6974023584262904,0.36205783422507204,0.2704354282962351,0.48591150122833926
0.253038665948616,0.8949237263297725,0.9995105549122664,0.8387727545361366,0.8199354116740645,0.15161098173469406,0.23172845942091563,0.8107400566343865
0.2190715099637192,0.9116104578697091,0.9424781430060186,0.7470552292476967,0.9029358035502311,0.09184740699223481,0.23687515816402266,0.9999999999999999
0.3055768007638849,0.8607924965091582,0.9774572297907461,0.8358832066448038,0.9534867878117181,0.15603242056165048,0.14271930834109325,0.968086752932955
0.7354126799775176,0.6826791194091706,0.6670335528564372,0.5545628118011389,0.7046560492763568,0.2708768047221213,0.2989856008266687,0.6182453278590718
0.9794443927978007,0.11394891992569203,0.4477115891695199,0.7806520779248692,0.4527326287515071,0.3601029921136513,0.8145416428292788,0.08953269383610714
0.8346868568329258,0.4945133227569427,0.6845015913287681,0.7362319436180885,0.7919157069433348,0.20545123082992464,0.36332272844127833,0.4407945520134078
0.9404022383415522,0.30627502835616316,0.3562050404745857,0.4552007669325854,0.396488662807033,0.6153711561258297,0.7461495706445047,0.24990905279066106
0.4448127277141017,0.8792553066876201,0.7727021759075953,0.540263886964938,0.9996284947603389,0.13606316412184621,0.051860042704246365,0.735056489221199
0.9480295397688341,0.33836745013954606,0.36799827249847883,0.44144931781844343,0.34931371425111657,0.9098875199219956,0.674894360479483,0.23270413393753026
0.6262360909725806,0.6659137300617861,0.6865646175386034,0.5950557374718121,0.7262207888555205,0.3310513878346484,0.6753142416515188,0.38594340292272883
0.9240193328284061,0.014308904322387128,0.3528260479639992,0.7805795091610358,0.33254009707558796,0.3559816631108165,0.5612401668585604,0.15961136794521935
0.9969036621225718,0.3579484370010092,0.12217602052348009,0.0928436897042596,0.4375610224666562,0.81467596362471,0.773578834245291,0.19153157648293273
0.7790327210874233,0.6024526096239005,0.5186131835188835,0.41807322212864795,0.7800282353181701,0.2836201933928211,0.24766861274896979,0.4191728490113905
0.9012766857026766,0.03208490289431898,0.3843770067785882,0.7983674031565108,0.5206173861863637,0.5862709266983159,0.8186427926652412,0.09272944042592386
0.9805868942377935,0.07411834830214128,0.41364813854458327,0.7825087833296528,0.5498503219212679,0.7793115416175284,0.7995714469643337,0.02184639732399922
0.7622211241434595,0.46808838922696283,0.5442157340553898,0.5667030446125015,0.7751474624026814,0.28801588013297896,0.4070560021496863,0.5766625862976797
0.4426753856027367,0.8874878708966112,0.9999999999999999,0.8454124324545501,0.9116494009696521,0.17656492596990372,0.15566332690859302,0.7465328488580693
0.9573052197402812,0.3137988239653551,0.45561787862817227,0.5841258876277772,0.32175606099025433,0.5529216661633939,0.7745014120506555,0.24957562605828132
0.9943332911788825,0.13784750065305693,0.4196582684478266,0.7144743802161097,0.47650980326147474,0.580655864381351,0.709364518969905,0.25691227079142936
0.5348018012397096,0.7585063697517738,0.9901420696498678,0.9360944363976816,0.9903815232715798,0.1085767144183173,0.18970368708259916,0.6573061072348699
0.712907046804413,0.5041192529140189,0.6141241325793071,0.6314112851732364,0.5778665803218445,0.3356928736288541,0.5787835019927055,0.5174098455033089
0.48594826759898396,0.9114127983791809,0.9988166432541591,0.8246014228851003,0.7991029602569586,0.07338702359177726,0.2773776036321425,0.8104395773655029
0.5614047654569887,0.8858888827575966,0.9678664119619934,0.8025386266514348,0.9874735735500615,0.15840728058335748,0.04343321189543643,0.9262734474553861
0.45812975898131864,0.9945473972015122,0.9265247540107221,0.6590290676916893,0.8338034250672888,0.15063763331226704,0.26596533643118175,0.9185627048421566
0.9205025848034873,0.2728521656663444,0.36041227734507875,0.4928152135384901,0.4951349374894778,0.7057309701657959,0.9870621266935029,0.24045552011584465
0.9350935201754722,0.02161224817332777,0.2639589856015061,0.6475708467491085,0.09495333687441868,0.6213109510886309,0.7581794156834004,0.06986940680011329
0.9209517566500494,0.0924447953178956,0.25286886540245657,0.5386903831073614,0.2251346683297801,0.339938243363276,0.5782315155992723,0.10922104837839146
0.7609139925535726,0.67812733538959,0.5171302115433912,0.3540482111643515,0.664608343427124,0.3121545864965927,0.5905451944033983,0.5699323971397814
0.5029934271505723,0.9925531025736181,0.9751657312014604,0.7273437824656331,0.9944810847853138,0.09824978340186385,0.2988787918373085,0.9366215507842129
0.7896283755738125,0.5560620600829363,0.718864499361867,0.7308966061167076,0.6589376192139025,0.09268897949376141,0.2685651722963442,0.7455635316432524
0.5648649059796076,0.8201400517313162,0.9419782121046639,0.8198962014780403,0.8486520262646706,0.0,0.22155921075142038,0.9645104785042383
0.33419657382154827,0.7502454593460406,0.9024553984323599,0.822269538676284,0.9064302826294905,0.13357118940411297,0.13261997952365018,0.9301888100732801
0.6437225928012307,0.5471023340809995,0.6871640754240206,0.69496625440368,0.6150986776747999,0.35124800461125527,0.3663218115424881,0.7084227999642354
0.5754397843240295,0.7847511089776523,0.9550486655130365,0.8665070358389727,0.8153953540810137,0.06583608295137627,0.17437344167471913,0.7807077386160435
0.7366608801476182,0.5252569757268516,0.6518873714588861,0.6651275210442081,0.7965682280085492,0.26687311412565556,0.398374403856436,0.6157105817861113
0.8963693861111264,0.14625628525974063,0.33810763923074993,0.5930060544184911,0.22463719325914686,0.6303829535241884,0.6338123441417607,0.07199212236809717
0.5436002152776322,0.9489807627321831,0.8225427796954173,0.5528534517036995,0.8925932946934718,0.08342149758352622,0.22786666809345602,0.9367254688958856
0.4800483681267896,0.7694427971937868,0.9540574549455171,0.8775761853329217,0.9603238891934616,0.1608972684794212,0.329728640305847,0.9164701702024014
0.7690969690102571,0.5007828800235445,0.6596905746340441,0.6967764578406678,0.7567896008359646,0.14218392774607794,0.3134341892809901,0.5570534023872556
0.37210080051933864,0.970743597435662,0.9688615903180701,0.7360568596869611,0.9882581227809017,0.13404691913553465,0.19786315462479215,0.7145544961867979
0.7291991548667445,0.6757771535839445,0.6608999796902025,0.5518297839167224,0.6395677814725388,0.07661254059871386,0.5067201445525611,0.6582304491256876
0.23518049434202304,0.7502048931573918,0.7897003472037282,0.6674945810995824,0.9626195771118784,0.09011171356207291,0.24525315262383202,0.6770417857856471
0.9215784199183812,0.21850131581638801,0.44826606791415424,0.6672254700452763,0.1649873912542664,0.3500689397595876,0.6319459345505042,0.009468256125149274
0.36753729791817974,0.8281484670970334,0.8975064647909169,0.7523437088651067,0.9891072760700983,0.07000762986721809,0.1838667340120514,0.6476720974080427
0.3266300286355353,0.748045591035251,0.9777020261943209,0.9275103860975064,0.8142623312243444,0.0230989654090176,0.2780185777453614,0.8342602766436208
0.43524474003526065,0.8206838752804133,0.739804046727344,0.5422080987552019,0.9499561159261662,0.05391845444112041,0.09129074020540386,0.8889620943506827
0.7569318865793477,0.625079874225207,0.5920740555826002,0.4995023552058361,0.7753191943018825,0.2089413116889957,0.5399175580561079,0.6491235106633951
0.9736250969754601,0.03185981472591695,0.3628105221573338,0.7689998366295875,0.3227335249287808,0.8182687461576365,0.792767637302144,0.1791975638290279
0.8908188270351456,0.16473355218963656,0.39944895423457794,0.6568542748770357,0.46427723701311563,0.8401129984961969,0.9559500372295375,0.022687216722613396
0.7950189551542908,0.4902474810877532,0.7031974641191364,0.7655882767589407,0.7215092978805019,0.254090161336817,0.4604722986234356,0.7309195131738051
0.9945743157312297,0.33028025251402104,0.4485543014598884,0.5590484803185313,0.2529622903548401,0.8442458221897184,0.7137601345629346,0.2158645013193266
0.5388567882868713,0.7547149092352436,0.8574648242676967,0.7568255553780988,0.9824073542330476,0.123267228033379,0.31138489786929224,0.8267370827314922
0.9421902940149383,0.3020298466912289,0.2671019577720891,0.337848504772438,0.5703624155291628,0.7063564257400644,0.5503173027454134,0.14703726584078025
0.6881732995538612,0.5635099017425742,0.591662029857288,0.5502481652129917,0.7787246913744131,0.27455282184499075,0.5662398168903299,0.45834448212467116
0.9908850147398249,0.3642550420881324,0.35434999091242003,0.39925018137776425,0.4805899075389617,0.9682035792443294,0.5094183254812732,0.256953534241546
0.9502761005242033,0.362678431265826,0.3374055388403544,0.37762190731994794,0.5084240096593499,0.5514129039815716,0.501821138979006,0.14586609388223148
0.9215495377250484,0.3127384911058684,0.23035254565261232,0.2780988580111914,0.5602972214238666,0.5265395071975038,0.9254030236518952,0.0700643383253546
0.7006379719134082,0.6102354292259503,0.48228767888377677,0.3622978763880357,0.7189601922884143,0.11441609468436167,0.5177799146641118,0.5611822831394324
0.5157731308760827,0.8921029409181735,0.8406097720087401,0.6229346781720247,0.8648364101826693,0.15804492565614478,0.022644027698941152,0.5734598177122175
0.5147134394116635,0.7610752799993444,0.9299117441529637,0.8511883810343829,0.8760758976748597,0.13194338561939997,0.3218856908195224,0.582319770320658
0.9614804274843001,0.13806459276041708,0.3864057964050561,0.6685342525478662,0.4513134539808883,0.36579025315751834,0.475091110278041,0.06700602304704352
0.46690935298673547,0.8110978601890442,0.9778385258971608,0.876494604861635,0.9357245771204217,0.0049510924902383775,0.249179516677757,0.978356355773112
0.18271073327291615,0.9616712580196753,0.9404997438302652,0.7043610830341062,0.9394800182624437,0.03564956554475114,0.2756286768652046,0.6357684827651514
0.6618862693527015,0.6433360789659173,0.5360559318949479,0.4081241874125352,0.7814457761722096,0.08383793466749462,0.6564170666306796,0.5556417692864747
0.9166373263386673,0.1816600004111791,0.44501551960883423,0.7012049199472251,0.47683806148239516,0.6194006993230233,0.6272200679124518,0.2754366947821003
0.7865032692511251,0.6457902684769494,0.7005529938085081,0.6308104340902004,0.7180083041679581,0.2722820004586813,0.4695044052206678,0.7244831959238598
0.9018069595363523,0.2781539080372647,0.45275989277182893,0.6141708501622388,0.49318860249340757,0.37183850794844,0.7667825013796419,0.06971973281218065
0.7894141964791865,0.5307585704561361,0.6022959052498863,0.5924730328039663,0.7638464214683819,0.2255014903424124,0.4063045693448414,0.5567656382581917
0.5353083222833837,0.7486750765780082,0.825635389862888,0.7180411991130796,0.9726922389323152,0.06068813844099307,0.046198227762529465,0.9589169942212515
0.8286549024982459,0.5887260226081061,0.7026112770420315,0.6811026498934555,0.7665628026569121,0.09425390011839511,0.30665113159894025,0.6943723057320211
0.9648438911656187,0.07283305822954403,0.2964280182099961,0.622943919076674,0.498546602418766,0.47092265679564443,0.9140957760114886,0.08851754257357013
0.9172827519445086,0.13087231921232736,0.34071143864917264,0.6139530391902465,0.41542086580766246,0.38043687737434406,0.7092894871067325,0.2636379684713805
0.7244026219027433,0.6119421251261956,0.52068184578509,0.41304317472155916,0.7055200162553105,0.13766230046727077,0.4249769479064225,0.7384095835162036
0.5042690678045021,0.854696446144664,0.9876811646572309,0.8548419487607953,0.8122162452288451,0.04833682240918374,0.15178789048423125,0.5919249069052939
0.8894466534679266,0.06120943531727038,0.3740743067468352,0.7447119898478395,0.5283754504490972,0.3747439866571169,0.5597166649133709,0.23719478010025397
0.40944338506558203,0.9423654292164216,0.820195389098921,0.5549030730411629,0.9747345570400074,0.06050672986063725,0.1345087174669547,0.8724465689400994
0.5095070467194247,0.8801439755082465,0.8831444985905338,0.6908268112734158,0.9102373892923101,0.15051600927250533,0.03762507877668257,0.767187190491404
0.9138305393231259,0.33810477364992264,0.42623981789209664,0.5212601762714585,0.3715884476190766,0.7344464678683295,0.7608915936595958,0.05252211094453926
0.7337938497866843,0.46371976967370443,0.5349306609627796,0.5577840475316761,0.7271745133053557,0.38942573731224134,0.49640355080348014,0.5084708558076904
0.9458375713353162,0.2972028147924711,0.43036118694657766,0.5652113837967477,0.3534092227646203,0.8184788124910098,0.7582578759068106,0.11208834848679654
0.9721870251845826,0.2125470305136095,0.13647131534509394,0.24754022627032002,0.5021359647803226,0.40386666718876274,0.9769389371504063,0.10916218678114613
0.24801026857144481,0.8635887414252201,0.9386318044229266,0.7802894374906316,0.8085560529023375,0.1711714618540004,0.08319571342237962,0.970615289330475
0.9600294912605232,0.307450498764131,0.3250669021884608,0.4116204893915686,0.5000276252103738,0.5610355077037348,0.5301702498753653,0.04722890549981887
0.9685628253843903,0.33238767205954667,0.4369132980657834,0.5411549271053152,0.5608110706154932,0.41886425293319307,0.8699084784530359,0.25155027838624167
0.44604700594887586,0.9648786449666067,0.9974189376680175,0.7799468237421551,0.9805091427847326,0.13047630132760582,0.30748958929321757,0.8937030520855055
0.8339758892047149,0.47054275149450264,0.6951380741321455,0.7715901026155135,0.7558804755201854,0.1666830282265858,0.3497909826399921,0.5971814471773581
0.6390025751343917,0.525636460684182,0.7218292245598817,0.7608090424236192,0.7542284425533786,0.32024388975656404,0.4271367819987693,0.686134661547835
0.41585670413363324,0.9138817227334246,0.9974431505642639,0.8207365774372825,0.8002136948076831,0.07007496631797257,0.06667884783540202,0.830651478849026
0.9674807012480939,0.3003196578400711,0.0979137383279689,0.11205027231570708,0.30869322030858315,0.8223263912765794,0.7426058101663288,0.27188341812145445
0.9233264107633976,0.15135249822080257,0.4013348176041259,0.6741542677857414,0.5511080169695012,0.727398187971848,0.6066962501665575,0.04430497607212165
0.9474304946508283,0.30660825655833157,0.15306081592111376,0.17976426880392882,0.45322325246205286,0.7957381915068973,0.7896535111196081,0.14324511796360723
0.5821355209481205,0.7377826411147402,0.9199730372932567,0.8565084803270177,0.8595021543432384,0.16760064519343598,0.15570031985300242,0.6452168755437435
0.5382136120785623,0.8488611636359267,0.8666275886656877,0.6932822401554944,0.9344815722183406,0.012404293164055736,0.0464639613944967,0.8096832965082377
0.8103805354966906,0.5182000380686468,0.5297758501569004,0.5039403777735226,0.6565666223864125,0.20558573199773295,0.4250795665526771,0.5802908067131274
0.8001522406224952,0.6747884649618594,0.7137859651018766,0.625049153917976,0.677288605759234,0.1491696025568923,0.3144003365212576,0.5128549764544927
0.380809035294799,0.8335603480653517,0.881614060539896,0.7261630165728709,0.83338773477093,0.0985207156522025,0.27669121404356556,0.6455961898523431
0.5440796384386686,0.7327076013963423,0.8155826527986417,0.7172511811451102,0.9023545067698326,0.1594962618201251,0.01720290811911379,0.9480236860839023
0.5918238297535776,0.5364852784435961,0.6132122993664829,0.6025654621170026,0.7458573247760862,0.286007708059208,0.47124767002470697,0.4741641985812056
0.5419730241135028,0.956160180197053,0.8630308357576985,0.6025508784888939,0.9189191089525868,0.13138377869766565,0.020800264733418533,0.811328859558065
0.6407641113966398,0.43978070908463773,0.49818159626030145,0.5283811663386718,0.779162803563578,0.09489704410024846,0.40390106451367763,0.4689775375386406
0.7110902446900187,0.6311929817575003,0.6494164839986106,0.572843821203613,0.7752111098427985,0.30393200177935276,0.268306828297861,0.6751186479002795
0.9470606361810177,0.24432699788994508,0.3716367721295032,0.5361195083575406,0.04870969849983989,0.7680586302204199,0.9835357580183259,0.10607871017742736
1.0,0.17474814979927752,0.38544468242003027,0.6267943881090451,0.42123925741206103,0.8900520835503641,0.8069931992186931,0.20361825428156177
0.5921803980541918,0.6200736247511093,0.6052943702023436,0.5217050259536301,0.7345054081057636,0.24529917249605707,0.33650259966544593,0.683809775950571
0.513577784996827,0.7122055499445102,0.8927087040173153,0.8399482933373418,0.8204390953753613,0.07259687865600031,0.08235910575107099,0.7202296663919701
0.4801990301366588,0.9057687587658134,0.9871696694499975,0.8131190041933948,0.9193686962117114,0.02836294710786713,0.0517119905594782,0.6961660004058372
0.891618330450078,0.08519186699435052,0.3875948683466698,0.7327528399454474,0.42048213890693265,0.9612163883438246,0.9014097720147926,0.20819429788306731
0.8055740206603661,0.635823354215678,0.6660575677427002,0.5917942822941528,0.798360565346883,0.35973230255811806,0.24572762974833995,0.6345162420443332
0.40377618474437177,0.9986222279887058,0.8983737276565652,0.6172128104516731,0.9641444070203291,0.049215870587447745,0.07379206169981158,0.6044489528238995
0.7567575394941919,0.6650003949385467,0.72286748694101,0.6455493323237685,0.7124927087846842,0.1092921594946584,0.42345693435587783,0.4253505402671438
0.6218150908242097,0.6005984534795893,0.5255318239865313,0.4290257461203263,0.6456122802611332,0.2723192088869981,0.6421409481617837,0.4025469763738161
0.7287700153473677,0.4754381058195346,0.6589330314677829,0.7176172524864072,0.7274916956683835,0.1368318175313245,0.33400354944597505,0.626483764915667
0.5534095198428068,0.9621362717208342,0.9857037880509832,0.7660443252779382,0.9983164858623657,0.1039137221834915,0.32091862687545814,0.731936390429964
0.344283130204968,0.8438498896537332,0.91051252575649,0.7575511753327063,0.9393850411334228,0.020814601430144873,0.08683620542827843,0.7405419350001508
0.9312920256061503,0.35344557435427526,0.43505229580404337,0.5192196370610666,0.3620949145108342,0.9807234257644133,0.8108277873045274,0.14100016790821956
0.9904893198404552,0.16208313320771142,0.19401505055243662,0.37832824551383726,0.0011005142135213364,0.5697994951419416,0.5988364101836404,0.2686980243957599
0.3150924605288058,0.7183123341697916,0.8914955345773988,0.833280351881507,0.8408163603079346,0.13227956735993207,0.2955864568176102,0.988689778095658
0.6152305964253455,0.4810651277468483,0.4985659652888105,0.49307023433142316,0.7538847049717654,0.1237197824148797,0.6353601903818417,0.47807933743843656
0.4128862119421484,0.7396829829049566,0.8673163297564906,0.7825991757254559,0.8876138151096569,0.01724056690592244,0.08695667563787708,0.7035850935375225
0.570799637628556,0.7582536321211696,0.794082402552588,0.6669651791225736,0.918680607204037,0.052188865313079945,0.06491496439831383,0.9775670823374482
0.9018457613445183,0.31713139986712924,0.02378646542920948,0.0,0.448688152177792,1.0,0.7231386411252353,0.30360041198804505
0.9074275515373067,0.04911548032603938,0.19444424425078566,0.5137402269848227,0.5607043737680352,0.38225969240192753,0.6905694103682153,0.11987159816863636
0.9751138131977435,0.05884706055220065,0.3368037041666342,0.6965395549932704,0.509297878586364,0.6832861454101686,0.9814850881137482,0.2786962621278457
0.901226588472485,0.3286303731101339,0.43136068021372054,0.5370427564746508,0.406731595365315,0.9513837775093205,0.7363954449483795,0.08407792404070878
0.9072954955316705,0.3362265114879056,0.43193640480468154,0.5307893608659399,0.44332183841709005,0.9159206929924224,0.656080357345314,0.14551154359415058
0.9101942972702688,0.13296899321157832,0.39957435482141535,0.6924186555222999,0.195042339563582,0.550490936293888,0.9087109713691225,0.009043941559027185
0.8035856691842793,0.5600063025967448,0.7164630285642267,0.7242668416588655,0.6609051159902918,0.15904130687917245,0.5255682524903476,0.5412949138696468
0.2485395922017843,0.9037561825947453,0.8215315425565509,0.5874953423854382,0.8683359040401759,0.043270653816927955,0.03230216696963285,0.6876591626869927
0.4849893029393149,0.7425755162667048,0.9049237954106074,0.8319132136157467,0.8816648461427954,0.15632773524287155,0.06827156089021731,0.9224417313553349
0.9694468670893446,0.15942723880935275,0.41653006304522144,0.6861183386115796,0.5352434746802734,0.9974807247438628,0.966866794796658,0.180714799352636
0.7296085287491545,0.5457142066626867,0.5935347288635032,0.5678075482232666,0.5969330910133654,0.17376702724271098,0.5271157973599153,0.40799392680300656
0.8042717581344656,0.5074762561620597,0.545485865449752,0.5345520022579314,0.7699817731186637,0.14063467393236304,0.666126248948993,0.4053756464779678
0.09881077786092018,0.9718136440301606,0.7958222379114143,0.4982268036059915,0.8311734276497282,0.02908694380640522,0.14295421980677236,0.707970406152204
0.6024674482436425,0.46126538248033166,0.5689426600880695,0.6064956514182415,0.7867490638496858,0.24209812334526928,0.3786606793951083,0.7203598668945798
0.408148987569016,0.8613290487583816,0.9487528865908302,0.796009579951399,0.8018212714612988,0.08560385350865184,0.290751214696875,0.7919600476568541
0.6826519717779225,0.44140678160118574,0.5947854753859588,0.6592867449514231,0.6758671314593997,0.13899087562310353,0.22150676292976484,0.6933110798972515
0.262946980366463,0.9218255828493018,0.7647991993100075,0.495547711829848,0.9332902309246875,0.1555287961550394,0.24942054355809812,0.9731916681183729
0.4516777638455038,0.9573370918760244,0.8054828876765953,0.522897739246169,0.924691340523166,0.07986302654427366,0.14064607568769733,0.9936271937830409
0.7945207270923498,0.5595551519985268,0.644514510776499,0.6259502965468048,0.772746726879859,0.12999813242872213,0.4980314625858577,0.7152437249773376
0.8080151220430847,0.6129529584369211,0.6768428083211556,0.6255431986549372,0.7880695658153443,0.2815517625234669,0.6453001326974183,0.5554429778525062
0.9641456599223261,0.31896874320932467,0.2700118667687821,0.3260340811883121,0.43959070975262915,0.3630633186971505,0.587485397592219,0.009221870878093744
0.6200243684879982,0.6683963951702171,0.6431159941863626,0.5335664309555962,0.6672383534096505,0.2938380500687347,0.3652378997385333,0.5953244283438601
0.8184531326534219,0.5914772352312627,0.7241845935868617,0.7084012065818811,0.6028004264107425,0.38831856262119574,0.5110212725287782,0.7128496826590409
0.9330135255039742,0.19906503472336298,0.4131793217141534,0.6391263800489432,0.4246577818483003,0.9353356277544497,0.9598152425485649,0.17806760900831997
0.8988298048486751,0.17662854661666474,0.39620710098970313,0.639551183212807,0.32652278976933713,0.4509664613873492,0.5518448813125901,0.1567577691576602
0.7388582802221815,0.6455855696972658,0.6131201859706007,0.5113279485210572,0.7686336462060667,0.3927115464912596,0.32730914583586074,0.382672202320437
0.7007249181958202,0.6494353092383005,0.5273094432456861,0.39124069235657233,0.728211618953486,0.22946233228764013,0.4219772800777089,0.49140359019540136
0.5683217588050429,0.9005099649747701,0.9141904717741446,0.7171099752170725,0.8711888696441625,0.17599915318603185,0.2538074518280412,0.7519792424298466
0.766140494409314,0.6364683153577337,0.6673495721055768,0.5930299650113141,0.6385583341766151,0.149712563042699,0.3321820862388527,0.523993966159586
0.6743710613953813,0.5771241191829649,0.5991177486991613,0.5490257313614483,0.6860163974652485,0.1255454920890369,0.490350490117981,0.7225595105131037
0.6421354434577891,0.46579931263398855,0.6604343975682888,0.7280549874650365,0.7153887373932452,0.15405028691622016,0.6706005762181076,0.716186986801392
0.9423304890990345,0.33136828681019037,0.2757129557322988,0.3223485752556031,0.4319855362026864,0.86527192462473,0.5277061531905579,0.17626744563405483
0.6434441749071254,0.4909102237826596,0.6346459028322408,0.6709086153363003,0.7660951918340988,0.183275954594553,0.6712460827432781,0.40118071518587994
0.5553017861643048,0.9347705987179176,0.9351439567033505,0.7184719621690067,0.8237761078414183,0.03741019201426864,0.3295485875152315,0.5891820919348923
0.4803798549569918,0.7543722105130592,0.8060923929030029,0.6865913302339773,0.9653168802692875,0.15668722395622642,0.229001413301418,0.7009689836003072
0.7846797735794229,0.5994446035650901,0.6269422604279901,0.5684504424042315,0.6147431652504441,0.38833632707464494,0.45651296313120143,0.5700038079406279
0.9386583992710131,0.26061512282938903,0.28727157375598167,0.4048086699916372,0.4082305043467307,0.6434798465309263,0.48153101211266786,0.049825581066884575
0.9979446745640332,0.31414287450286194,0.3361824421088221,0.42050956332852174,0.3404499237451236,0.6388787775523719,1.0,0.2557607188826593
0.5277036639292385,0.8747974321649901,0.9708602538463255,0.8155579934659546,0.9343608975994053,0.11602661489551176,0.2615284503768642,0.9696673387213662
0.9855123371652541,0.313154693935054,0.4142980357087752,0.5281465045233641,0.22264437469435752,0.9180419025339885,0.6984328826801667,0.15351884338079602
0.6014260264942184,0.6215533413584406,0.7022900994438152,0.6532756971373411,0.7624135246139133,0.1967696473314953,0.5363986811202986,0.47464953212331595
0.5231971684111634,0.7559354758741951,0.984142318619308,0.9299368742554558,0.886979673092801,0.0458836801552174,0.11342716123693385,0.8096852245171919
0.22332018438026935,0.9566281251698701,0.879987751656495,0.6254051498151795,0.9500410490058153,0.032736996826633974,0.2906731248285831,0.8800401315331019
0.523345128744277,0.7967357750718715,0.9600997848048124,0.8637346891946068,0.8147653071650995,0.09242031806213072,0.22137125080798165,0.7211443489851211
0.7598950837708751,0.47570598631384153,0.49468972589967863,0.49239279431916405,0.7102541542259254,0.2583972661495558,0.4439984315694893,0.5356718310797864
0.891187995044886,0.3169079787631881,0.24520618066310707,0.29433394751066044,0.38173143460793046,0.9846498017839721,0.9916213523528865,0.2962873830305147
0.5398003041161148,0.7600645492102853,0.8628530754830864,0.7598745797921057,0.8257941505692397,0.10128968987688945,0.21121871656926322,0.978937687742308
0.9825966967347006,0.2527184245238012,0.4343140694253437,0.6137148846579908,0.32254787705005883,0.41709905592275504,0.9826494454666581,0.2119806085993558
0.9450676030361935,0.04512162884631679,0.12328992803876893,0.42138848198481493,0.3302618512787856,0.7926953327594742,0.68715960819911,0.29508421105290256
0.7827711088895262,0.578789340143769,0.7022044379582763,0.6888790593011856,0.689887260262488,0.21083073311653708,0.6393083258867112,0.5198170704710411
0.661243123973928,0.6716754410044522,0.5918772369298176,0.46092568187434757,0.5815742593953374,0.3699396750843339,0.47993171383901306,0.6106143215270747
